University ,Year ,Ranking ,Tier 
Harvard,2020,5,
Harvard,2020,1,3
Harvard,2020,3,
Harvard,2020,8,
Harvard,2020,1,1
Harvard,2020,3,
Harvard,2020,1,1
Harvard,2020,6,
Harvard,2020,2,
Harvard,2020,8,
Harvard,2020,10,
Harvard,2020,3,
Harvard,2020,10,
Harvard,2020,1,1
Harvard,2020,9,
Harvard,2020,3,
Harvard,2020,1,3
Harvard,2020,1,2
Harvard,2020,1,1
Harvard,2020,5,
Harvard,2020,1,2
Harvard,2020,8,
Harvard,2019,3,
Harvard,2019,9,
Harvard,2019,3,
Harvard,2019,6,
Harvard,2019,8,
Harvard,2019,1,2
Harvard,2019,1,3
Harvard,2019,1,1
Harvard,2019,1,2
Harvard,2019,1,3
Harvard,2019,1,1
Harvard,2019,8,
Harvard,2019,5,
Harvard,2019,1,3
Harvard,2019,5,
Harvard,2019,1,3
Harvard,2019,5,
Harvard,2019,8,
Harvard,2019,1,3
Harvard,2019,1,2
Harvard,2019,8,
Harvard,2019,1,1
Harvard,2019,1,1
Harvard,2019,10,
Harvard,2019,5,
Harvard,2019,2,
Harvard,2018,1,1
Harvard,2018,1,1
Harvard,2018,6,
Harvard,2018,6,
Harvard,2018,3,
Harvard,2018,1,3
Harvard,2018,1,1
Harvard,2018,8,
Harvard,2018,1,3
Harvard,2018,5,
Harvard,2018,1,1
Harvard,2018,5,
Harvard,2018,3,
Harvard,2018,1,3
Harvard,2018,6,
Harvard,2018,1,1
Harvard,2018,1,3
Harvard,2018,10,
Harvard,2018,2,
Harvard,2018,1,1
Harvard,2018,1,1
Harvard,2018,1,1
Harvard,2018,1,1
Harvard,2018,1,2
Harvard,2018,10,
Harvard,2018,6,
Harvard,2018,5,
Harvard,2018,5,
Harvard,2018,6,
Harvard,2018,10,
Harvard,2018,6,
Harvard,2018,10,
Harvard,2017,1,2
Harvard,2017,1,2
Harvard,2017,1,3
Harvard,2017,2,
Harvard,2017,10,
Harvard,2017,10,
Harvard,2017,6,
Harvard,2017,9,
Harvard,2017,10,
Harvard,2017,1,1
Harvard,2017,1,3
Harvard,2017,1,3
Harvard,2017,1,3
Harvard,2017,1,3
Harvard,2017,4,
Harvard,2017,5,
Harvard,2017,1,1
Harvard,2017,1,1
Harvard,2017,1,1
Harvard,2017,10,
Harvard,2017,5,
Harvard,2017,1,1
Harvard,2017,1,1
Harvard,2017,1,1
Harvard,2017,1,1
Harvard,2017,5,
Harvard,2016,10,
Harvard,2016,10,
Harvard,2016,10,
Harvard,2016,5,
Harvard,2016,1,2
Harvard,2016,2,
Harvard,2016,2,
Harvard,2016,5,
Harvard,2016,9,
Harvard,2016,10,
Harvard,2016,1,3
Harvard,2016,1,3
Harvard,2016,1,3
Harvard,2016,1,3
Harvard,2016,1,3
Harvard,2016,1,3
Harvard,2016,3,
Harvard,2016,4,
Harvard,2016,3,
Harvard,2016,1,1
Harvard,2016,1,2
Harvard,2016,6,
Harvard,2016,1,1
Harvard,2016,1,1
Harvard,2016,6,
Harvard,2016,6,
Harvard,2016,1,1
Harvard,2016,6,
Harvard,2016,1,1
Harvard,2016,1,1
Harvard,2016,1,1
Harvard,2015,1,1
Harvard,2015,1,1
Harvard,2015,1,1
Harvard,2015,5,
Harvard,2015,5,
Harvard,2015,1,1
Harvard,2015,2,
Harvard,2015,10,
Harvard,2015,6,
Harvard,2015,1,3
Harvard,2015,1,3
Harvard,2015,1,3
Harvard,2015,1,1
Harvard,2015,1,3
Harvard,2015,1,3
Harvard,2015,3,
Harvard,2015,3,
Harvard,2015,1,1
Harvard,2015,1,1
Harvard,2015,6,
Harvard,2015,1,1
Harvard,2015,10,
Harvard,2015,1,1
Harvard,2015,1,2
Harvard,2015,1,1
Harvard,2014,6,
Harvard,2014,1,1
Harvard,2014,1,1
Harvard,2014,5,
Harvard,2014,9,
Harvard,2014,1,2
Harvard,2014,3,
Harvard,2014,1,2
Harvard,2014,1,3
Harvard,2014,2,
Harvard,2014,2,
Harvard,2014,1,3
Harvard,2014,1,3
Harvard,2014,1,1
Harvard,2014,1,2
Harvard,2014,3,
Harvard,2014,4,
Harvard,2014,1,1
Harvard,2014,1,2
Harvard,2014,5,
Harvard,2014,10,
Harvard,2014,1,1
Harvard,2014,6,
Harvard,2014,1,1
Harvard,2014,1,1
Harvard,2014,10,
Harvard,2014,10,
Harvard,2014,1,2
Harvard,2013,1,1
Harvard,2013,6,
Harvard,2013,1,1
Harvard,2013,1,2
Harvard,2013,6,
Harvard,2013,3,
Harvard,2013,1,3
Harvard,2013,1,3
Harvard,2013,1,3
Harvard,2013,2,
Harvard,2013,2,
Harvard,2013,2,
Harvard,2013,1,2
Harvard,2013,1,3
Harvard,2013,1,1
Harvard,2013,1,3
Harvard,2013,1,3
Harvard,2013,3,
Harvard,2013,3,
Harvard,2013,1,1
Harvard,2013,1,1
Harvard,2013,1,1
Harvard,2013,1,2
Harvard,2013,1,2
Harvard,2012,1,1
Harvard,2012,1,1
Harvard,2012,6,
Harvard,2012,6,
Harvard,2012,9,
Harvard,2012,1,1
Harvard,2012,1,3
Harvard,2012,1,3
Harvard,2012,2,
Harvard,2012,3,
Harvard,2012,1,3
Harvard,2012,1,3
Harvard,2012,1,3
Harvard,2012,1,3
Harvard,2012,1,3
Harvard,2012,1,3
Harvard,2012,3,
Harvard,2012,3,
Harvard,2012,3,
Harvard,2012,1,1
Harvard,2012,5,
Harvard,2012,1,1
Harvard,2012,6,
Harvard,2012,1,1
Harvard,2012,1,1
Harvard,2012,6,
Harvard,2011,1,1
Harvard,2011,1,1
Harvard,2011,1,1
Harvard,2011,1,1
Harvard,2011,1,1
Harvard,2011,9,
Harvard,2011,9,
Harvard,2011,6,
Harvard,2011,1,1
Harvard,2011,1,1
Harvard,2011,3,
Harvard,2011,3,
Harvard,2011,1,3
Harvard,2011,1,1
Harvard,2011,1,3
Harvard,2011,1,3
Harvard,2011,2,
Harvard,2011,1,3
Harvard,2011,1,3
Harvard,2011,3,
Harvard,2011,1,2
Harvard,2011,1,1
Harvard,2011,1,1
Harvard,2011,1,1
Harvard,2011,6,
Harvard,2011,1,1
Harvard,2011,1,1
Harvard,2011,1,1
Harvard,2011,5,
Harvard,2010,6,
Harvard,2010,1,1
Harvard,2010,1,1
Harvard,2010,1,2
Harvard,2010,1,2
Harvard,2010,1,2
Harvard,2010,1,1
Harvard,2010,1,1
Harvard,2010,3,
Harvard,2010,1,3
Harvard,2010,1,3
Harvard,2010,1,3
Harvard,2010,2,
Harvard,2010,2,
Harvard,2010,2,
Harvard,2010,2,
Harvard,2010,4,
Harvard,2010,4,
Harvard,2010,1,3
Harvard,2010,4,
Harvard,2010,1,1
Harvard,2010,1,2
Harvard,2010,1,2
Harvard,2010,6,
Harvard,2009,1,1
Harvard,2009,1,1
Harvard,2009,1,1
Harvard,2009,9,
Harvard,2009,1,1
Harvard,2009,1,1
Harvard,2009,1,1
Harvard,2009,1,1
Harvard,2009,6,
Harvard,2009,6,
Harvard,2009,1,1
Harvard,2009,1,2
Harvard,2009,1,2
Harvard,2009,3,
Harvard,2009,1,3
Harvard,2009,1,3
Harvard,2009,1,3
Harvard,2009,1,3
Harvard,2009,1,1
Harvard,2009,1,1
Harvard,2009,2,
Harvard,2009,1,3
Harvard,2009,1,3
Harvard,2009,2,
Harvard,2009,1,2
Harvard,2009,2,
Harvard,2009,3,
Harvard,2009,6,
Harvard,2009,10,
Harvard,2008,1,2
Harvard,2008,5,
Harvard,2008,5,
Harvard,2008,1,1
Harvard,2008,1,1
Harvard,2008,1,1
Harvard,2008,6,
Harvard,2008,6,
Harvard,2008,9,
Harvard,2008,1,1
Harvard,2008,1,1
Harvard,2008,1,1
Harvard,2008,1,1
Harvard,2008,6,
Harvard,2008,3,
Harvard,2008,3,
Harvard,2008,4,
Harvard,2008,3,
Harvard,2008,1,3
Harvard,2008,1,3
Harvard,2008,1,3
Harvard,2008,1,3
Harvard,2008,1,3
Harvard,2008,2,
Harvard,2008,2,
Harvard,2008,3,
Harvard,2008,5,
Harvard,2008,6,
Harvard,2008,1,1
Harvard,2008,1,1
Harvard,2008,1,3
Harvard,2007,1,3
Harvard,2007,1,1
Harvard,2007,1,1
Harvard,2007,1,3
Harvard,2007,1,1
Harvard,2007,1,3
Harvard,2007,1,1
Harvard,2007,1,1
Harvard,2007,1,1
Harvard,2007,1,1
Harvard,2007,1,3
Harvard,2007,1,1
Harvard,2007,1,3
Harvard,2007,1,2
Harvard,2007,1,1
Harvard,2007,1,1
Harvard,2007,1,1
Harvard,2007,2,
Harvard,2007,2,
Harvard,2007,5,
Harvard,2007,5,
Harvard,2007,5,
Harvard,2007,5,
Harvard,2007,6,
Harvard,2007,6,
Harvard,2007,6,
Harvard,2007,9,
Harvard,2007,1,3
Harvard,2007,3,
Harvard,2007,3,
Harvard,2006,4,
Harvard,2006,4,
Harvard,2006,4,
Harvard,2006,3,
Harvard,2006,1,2
Harvard,2006,1,1
Harvard,2006,1,3
Harvard,2006,1,2
Harvard,2006,1,1
Harvard,2006,1,1
Harvard,2006,1,3
Harvard,2006,1,1
Harvard,2006,1,1
Harvard,2006,1,1
Harvard,2006,1,1
Harvard,2006,2,
Harvard,2006,1,3
Harvard,2006,1,3
Harvard,2006,1,2
Harvard,2006,1,1
Harvard,2006,1,1
Harvard,2006,1,3
Harvard,2006,1,2
Harvard,2006,1,1
Harvard,2006,5,
Harvard,2006,6,
Harvard,2006,6,
Harvard,2006,9,
Harvard,2006,10,
Harvard,2005,3,
Harvard,2005,3,
Harvard,2005,3,
Harvard,2005,3,
Harvard,2005,1,3
Harvard,2005,1,1
Harvard,2005,1,3
Harvard,2005,1,1
Harvard,2005,1,1
Harvard,2005,1,1
Harvard,2005,1,3
Harvard,2005,1,3
Harvard,2005,1,1
Harvard,2005,1,1
Harvard,2005,1,1
Harvard,2005,1,2
Harvard,2005,1,1
Harvard,2005,2,
Harvard,2005,2,
Harvard,2005,2,
Harvard,2005,5,
Harvard,2005,5,
Harvard,2005,5,
Harvard,2005,9,
Harvard,2005,9,
Harvard,2005,9,
MIT,2020,1,3
MIT,2020,1,3
MIT,2020,8,
MIT,2020,5,
MIT,2020,1,3
MIT,2020,1,3
MIT,2020,3,
MIT,2020,1,1
MIT,2020,1,1
MIT,2020,8,
MIT,2020,1,3
MIT,2020,1,3
MIT,2020,8,
MIT,2020,1,2
MIT,2020,1,1
MIT,2020,1,2
MIT,2020,8,
MIT,2020,1,1
MIT,2020,1,3
MIT,2020,1,3
MIT,2019,1,3
MIT,2019,1,3
MIT,2019,1,1
MIT,2019,1,3
MIT,2019,1,1
MIT,2019,1,1
MIT,2019,8,
MIT,2019,1,1
MIT,2019,1,1
MIT,2019,1,1
MIT,2019,1,1
MIT,2019,1,2
MIT,2019,1,3
MIT,2019,1,3
MIT,2019,3,
MIT,2018,10,
MIT,2018,6,
MIT,2018,1,2
MIT,2018,1,3
MIT,2018,5,
MIT,2018,6,
MIT,2018,1,1
MIT,2018,1,1
MIT,2018,1,1
MIT,2018,1,1
MIT,2018,1,2
MIT,2018,1,1
MIT,2018,1,1
MIT,2018,1,2
MIT,2018,1,3
MIT,2018,10,
MIT,2018,1,3
MIT,2018,8,
MIT,2018,1,1
MIT,2018,1,1
MIT,2018,1,1
MIT,2017,5,
MIT,2017,5,
MIT,2017,1,1
MIT,2017,1,1
MIT,2017,1,3
MIT,2017,3,
MIT,2017,1,1
MIT,2017,1,1
MIT,2017,5,
MIT,2017,8,
MIT,2017,1,3
MIT,2017,1,3
MIT,2017,1,3
MIT,2017,1,3
MIT,2017,1,3
MIT,2017,1,1
MIT,2017,1,3
MIT,2017,1,3
MIT,2017,8,
MIT,2016,1,2
MIT,2016,2,
MIT,2016,2,
MIT,2016,2,
MIT,2016,2,
MIT,2016,10,
MIT,2016,5,
MIT,2016,6,
MIT,2016,6,
MIT,2016,9,
MIT,2016,1,3
MIT,2016,1,3
MIT,2016,1,3
MIT,2016,1,3
MIT,2016,1,3
MIT,2016,3,
MIT,2016,6,
MIT,2016,1,1
MIT,2016,1,1
MIT,2016,1,2
MIT,2016,10,
MIT,2016,1,2
MIT,2016,1,1
MIT,2016,10,
MIT,2016,1,1
MIT,2016,5,
MIT,2015,10,
MIT,2015,5,
MIT,2015,1,1
MIT,2015,9,
MIT,2015,9,
MIT,2015,6,
MIT,2015,1,3
MIT,2015,3,
MIT,2015,1,1
MIT,2015,1,1
MIT,2015,1,1
MIT,2015,1,1
MIT,2015,1,1
MIT,2014,1,1
MIT,2014,1,1
MIT,2014,1,1
MIT,2014,3,
MIT,2014,2,
MIT,2014,2,
MIT,2014,9,
MIT,2014,1,3
MIT,2014,1,3
MIT,2014,3,
MIT,2014,6,
MIT,2014,1,1
MIT,2014,1,1
MIT,2014,1,1
MIT,2014,1,1
MIT,2014,1,1
MIT,2013,10,
MIT,2013,6,
MIT,2013,1,1
MIT,2013,1,1
MIT,2013,3,
MIT,2013,3,
MIT,2013,1,1
MIT,2013,1,1
MIT,2013,2,
MIT,2013,4,
MIT,2013,9,
MIT,2013,2,
MIT,2013,1,2
MIT,2013,2,
MIT,2013,1,1
MIT,2013,3,
MIT,2013,1,1
MIT,2013,1,1
MIT,2013,1,2
MIT,2013,1,1
MIT,2012,1,2
MIT,2012,1,1
MIT,2012,1,2
MIT,2012,5,
MIT,2012,5,
MIT,2012,1,1
MIT,2012,1,1
MIT,2012,1,1
MIT,2012,1,1
MIT,2012,1,1
MIT,2012,1,1
MIT,2012,1,1
MIT,2012,1,1
MIT,2012,1,1
MIT,2012,3,
MIT,2012,1,2
MIT,2012,1,3
MIT,2012,1,3
MIT,2012,1,1
MIT,2012,1,3
MIT,2012,1,3
MIT,2012,1,3
MIT,2012,9,
MIT,2012,1,3
MIT,2011,1,1
MIT,2011,1,1
MIT,2011,1,3
MIT,2011,1,1
MIT,2011,5,
MIT,2011,3,
MIT,2011,3,
MIT,2011,1,3
MIT,2011,1,3
MIT,2011,1,1
MIT,2011,9,
MIT,2011,1,3
MIT,2011,1,3
MIT,2011,1,3
MIT,2011,1,3
MIT,2011,1,3
MIT,2011,1,1
MIT,2011,3,
MIT,2011,3,
Princeton,2020,1,3
Princeton,2020,1,2
Princeton,2020,1,2
Princeton,2020,1,2
Princeton,2020,1,1
Princeton,2020,1,3
Princeton,2020,1,1
Princeton,2020,6,
Princeton,2020,3,
Princeton,2020,1,2
Princeton,2020,5,
Princeton,2020,3,
Princeton,2020,8,
Princeton,2020,1,2
Princeton,2020,1,3
Princeton,2020,1,1
Princeton,2020,1,1
Princeton,2020,1,1
Princeton,2020,5,
Princeton,2020,5,
Princeton,2019,3,
Princeton,2019,3,
Princeton,2019,1,3
Princeton,2019,3,
Princeton,2019,3,
Princeton,2019,1,3
Princeton,2019,1,3
Princeton,2019,5,
Princeton,2019,1,2
Princeton,2019,1,2
Princeton,2019,1,3
Princeton,2019,1,3
Princeton,2019,1,3
Princeton,2019,1,3
Princeton,2019,8,
Princeton,2019,3,
Princeton,2018,1,2
Princeton,2018,1,2
Princeton,2018,5,
Princeton,2018,1,3
Princeton,2018,1,1
Princeton,2018,1,1
Princeton,2018,10,
Princeton,2018,1,2
Princeton,2018,1,3
Princeton,2018,1,3
Princeton,2018,10,
Princeton,2018,1,1
Princeton,2018,1,3
Princeton,2018,1,3
Princeton,2018,1,3
Princeton,2017,2,
Princeton,2017,2,
Princeton,2017,3,
Princeton,2017,3,
Princeton,2017,3,
Princeton,2017,3,
Princeton,2017,10,
Princeton,2017,5,
Princeton,2017,5,
Princeton,2017,5,
Princeton,2017,7,
Princeton,2017,8,
Princeton,2017,9,
Princeton,2017,1,3
Princeton,2017,1,3
Princeton,2017,1,3
Princeton,2017,1,3
Princeton,2017,1,3
Princeton,2017,1,3
Princeton,2017,1,3
Princeton,2017,1,3
Princeton,2017,1,1
Princeton,2017,1,1
Princeton,2017,6,
Princeton,2017,6,
Princeton,2017,6,
Princeton,2017,6,
Princeton,2016,1,3
Princeton,2016,2,
Princeton,2016,3,
Princeton,2016,3,
Princeton,2016,3,
Princeton,2016,3,
Princeton,2016,10,
Princeton,2016,5,
Princeton,2016,6,
Princeton,2016,7,
Princeton,2016,9,
Princeton,2016,1,3
Princeton,2016,1,3
Princeton,2016,1,3
Princeton,2016,1,3
Princeton,2016,1,3
Princeton,2016,1,1
Princeton,2016,1,1
Princeton,2016,1,2
Princeton,2016,6,
Princeton,2015,6,
Princeton,2015,2,
Princeton,2015,3,
Princeton,2015,3,
Princeton,2015,3,
Princeton,2015,3,
Princeton,2015,3,
Princeton,2015,3,
Princeton,2015,3,
Princeton,2015,8,
Princeton,2015,8,
Princeton,2015,1,3
Princeton,2015,1,3
Princeton,2015,1,3
Princeton,2015,1,3
Princeton,2015,1,3
Princeton,2015,1,3
Princeton,2015,1,2
Princeton,2015,1,3
Princeton,2015,1,3
Princeton,2015,1,1
Princeton,2015,1,1
Princeton,2015,1,2
Princeton,2014,1,2
Princeton,2014,1,3
Princeton,2014,1,3
Princeton,2014,1,3
Princeton,2014,5,
Princeton,2014,5,
Princeton,2014,5,
Princeton,2014,1,3
Princeton,2014,1,3
Princeton,2014,1,3
Princeton,2014,1,1
Princeton,2014,1,1
Princeton,2014,6,
Princeton,2014,1,2
Princeton,2013,6,
Princeton,2013,6,
Princeton,2013,1,3
Princeton,2013,1,3
Princeton,2013,2,
Princeton,2013,2,
Princeton,2013,2,
Princeton,2013,2,
Princeton,2013,3,
Princeton,2013,3,
Princeton,2013,3,
Princeton,2013,5,
Princeton,2013,8,
Princeton,2013,9,
Princeton,2013,9,
Princeton,2013,9,
Princeton,2013,1,1
Princeton,2013,1,1
Princeton,2013,1,2
Princeton,2012,6,
Princeton,2012,1,2
Princeton,2012,6,
Princeton,2012,1,3
Princeton,2012,1,3
Princeton,2012,2,
Princeton,2012,3,
Princeton,2012,4,
Princeton,2012,5,
Princeton,2012,5,
Princeton,2012,1,3
Princeton,2012,1,3
Princeton,2012,1,3
Princeton,2012,1,1
Princeton,2012,1,1
Princeton,2012,1,2
Princeton,2011,1,2
Princeton,2011,6,
Princeton,2011,1,2
Princeton,2011,1,1
Princeton,2011,3,
Princeton,2011,5,
Princeton,2011,5,
Princeton,2011,9,
Princeton,2011,1,3
Princeton,2011,1,3
Princeton,2011,1,3
Princeton,2011,1,3
Princeton,2011,1,3
Princeton,2011,1,3
Princeton,2011,1,2
Princeton,2011,1,2
Princeton,2010,6,
Princeton,2010,1,2
Princeton,2010,1,1
Princeton,2010,1,3
Princeton,2010,1,3
Princeton,2010,1,3
Princeton,2010,2,
Princeton,2010,3,
Princeton,2010,3,
Princeton,2010,3,
Princeton,2010,4,
Princeton,2010,4,
Princeton,2010,5,
Princeton,2010,5,
Princeton,2010,5,
Princeton,2010,9,
Princeton,2009,1,2
Princeton,2009,1,2
Princeton,2009,1,2
Princeton,2009,1,1
Princeton,2009,1,1
Princeton,2009,1,1
Princeton,2009,1,3
Princeton,2009,1,3
Princeton,2009,1,3
Princeton,2009,1,3
Princeton,2009,1,3
Princeton,2009,2,
Princeton,2009,3,
Princeton,2009,3,
Princeton,2009,3,
Princeton,2009,5,
Princeton,2009,5,
Princeton,2009,9,
Princeton,2009,9,
Princeton,2009,1,3
Princeton,2008,1,2
Princeton,2008,1,1
Princeton,2008,1,1
Princeton,2008,1,1
Princeton,2008,1,3
Princeton,2008,1,3
Princeton,2008,1,3
Princeton,2008,1,3
Princeton,2008,2,
Princeton,2008,3,
Princeton,2008,4,
Princeton,2008,6,
Princeton,2008,7,
Princeton,2008,9,
Princeton,2008,10,
Princeton,2008,1,3
Princeton,2008,1,2
Princeton,2007,1,1
Princeton,2007,1,1
Princeton,2007,1,3
Princeton,2007,1,3
Princeton,2007,1,2
Princeton,2007,1,3
Princeton,2007,1,3
Princeton,2007,3,
Princeton,2007,5,
Princeton,2007,6,
Princeton,2007,6,
Princeton,2007,6,
Princeton,2007,9,
Princeton,2007,9,
Princeton,2007,9,
Princeton,2006,1,1
Princeton,2006,1,1
Princeton,2006,1,3
Princeton,2006,1,3
Princeton,2006,1,3
Princeton,2006,1,2
Princeton,2006,1,3
Princeton,2006,1,3
Princeton,2006,1,3
Princeton,2006,1,3
Princeton,2006,1,3
Princeton,2006,2,
Princeton,2006,3,
Princeton,2006,3,
Princeton,2006,3,
Princeton,2006,8,
Princeton,2006,9,
Princeton,2006,9,
UChicago,2020,1,1
UChicago,2020,1,2
UChicago,2020,1,1
UChicago,2020,1,3
UChicago,2020,1,3
UChicago,2020,1,3
UChicago,2020,1,3
UChicago,2020,9,
UChicago,2020,1,3
UChicago,2020,1,3
UChicago,2020,1,3
UChicago,2020,7,
UChicago,2020,3,
UChicago,2020,3,
UChicago,2020,3,
UChicago,2020,10,
UChicago,2020,5,
UChicago,2020,5,
UChicago,2020,5,
UChicago,2020,10,
UChicago,2020,6,
UChicago,2020,6,
UChicago,2020,6,
UChicago,2020,6,
UChicago,2020,5,
UChicago,2020,4,
UChicago,2019,1,3
UChicago,2019,1,2
UChicago,2019,1,3
UChicago,2019,1,1
UChicago,2019,1,3
UChicago,2019,1,3
UChicago,2019,1,1
UChicago,2019,1,3
UChicago,2019,1,3
UChicago,2019,1,3
UChicago,2019,1,3
UChicago,2019,1,1
UChicago,2019,1,1
UChicago,2019,1,3
UChicago,2019,1,2
UChicago,2019,7,
UChicago,2019,3,
UChicago,2019,3,
UChicago,2019,4,
UChicago,2019,10,
UChicago,2019,5,
UChicago,2019,6,
UChicago,2019,6,
UChicago,2018,1,2
UChicago,2018,1,2
UChicago,2018,1,2
UChicago,2018,1,3
UChicago,2018,1,3
UChicago,2018,1,3
UChicago,2018,1,1
UChicago,2018,1,2
UChicago,2018,1,2
UChicago,2018,1,3
UChicago,2018,1,3
UChicago,2018,1,2
UChicago,2018,1,3
UChicago,2018,1,3
UChicago,2018,1,1
UChicago,2018,1,3
UChicago,2018,7,
UChicago,2018,7,
UChicago,2018,7,
UChicago,2018,3,
UChicago,2018,3,
UChicago,2018,5,
UChicago,2018,5,
UChicago,2018,5,
UChicago,2018,5,
UChicago,2018,5,
UChicago,2018,6,
UChicago,2018,5,
UChicago,2018,5,
UChicago,2018,5,
UChicago,2018,4,
UChicago,2018,10,
UChicago,2018,9,
UChicago,2018,10,
UChicago,2017,1,2
UChicago,2017,1,3
UChicago,2017,1,3
UChicago,2017,1,3
UChicago,2017,1,3
UChicago,2017,1,3
UChicago,2017,1,3
UChicago,2017,1,3
UChicago,2017,1,1
UChicago,2017,1,2
UChicago,2017,1,2
UChicago,2017,1,2
UChicago,2017,1,2
UChicago,2017,2,
UChicago,2017,3,
UChicago,2017,3,
UChicago,2017,3,
UChicago,2017,5,
UChicago,2017,5,
UChicago,2017,5,
UChicago,2017,5,
UChicago,2017,5,
UChicago,2017,6,
UChicago,2017,6,
UChicago,2017,7,
UChicago,2017,9,
UChicago,2016,1,2
UChicago,2016,1,1
UChicago,2016,1,3
UChicago,2016,1,3
UChicago,2016,1,3
UChicago,2016,1,3
UChicago,2016,1,3
UChicago,2016,1,3
UChicago,2016,1,3
UChicago,2016,1,1
UChicago,2016,1,1
UChicago,2016,1,1
UChicago,2016,1,1
UChicago,2016,3,
UChicago,2016,3,
UChicago,2016,5,
UChicago,2016,6,
UChicago,2015,1,2
UChicago,2015,1,1
UChicago,2015,1,3
UChicago,2015,1,3
UChicago,2015,1,3
UChicago,2015,1,3
UChicago,2015,1,3
UChicago,2015,1,3
UChicago,2015,1,3
UChicago,2015,1,2
UChicago,2015,3,
UChicago,2015,3,
UChicago,2015,5,
UChicago,2015,5,
UChicago,2015,5,
UChicago,2015,5,
UChicago,2015,5,
UChicago,2015,5,
UChicago,2015,5,
UChicago,2015,6,
UChicago,2015,6,
UChicago,2015,6,
UChicago,2015,6,
UChicago,2015,7,
UChicago,2015,7,
UChicago,2015,7,
UChicago,2015,7,
UChicago,2014,1,2
UChicago,2014,1,2
UChicago,2014,1,1
UChicago,2014,1,3
UChicago,2014,1,3
UChicago,2014,1,2
UChicago,2014,1,3
UChicago,2014,1,3
UChicago,2014,1,3
UChicago,2014,1,2
UChicago,2014,1,1
UChicago,2014,1,2
UChicago,2014,3,
UChicago,2014,5,
UChicago,2014,6,
UChicago,2014,6,
UChicago,2014,6,
UChicago,2014,6,
UChicago,2014,6,
UChicago,2014,7,
UChicago,2014,7,
UChicago,2014,7,
UChicago,2014,9,
UChicago,2014,9,
UChicago,2013,1,1
UChicago,2013,1,1
UChicago,2013,1,2
UChicago,2013,1,1
UChicago,2013,1,1
UChicago,2013,1,3
UChicago,2013,1,3
UChicago,2013,1,3
UChicago,2013,1,3
UChicago,2013,1,3
UChicago,2013,1,3
UChicago,2013,1,3
UChicago,2013,1,3
UChicago,2013,1,3
UChicago,2013,3,
UChicago,2013,3,
UChicago,2013,3,
UChicago,2013,3,
UChicago,2013,3,
UChicago,2013,3,
UChicago,2013,3,
UChicago,2013,3,
UChicago,2013,5,
UChicago,2013,5,
UChicago,2013,6,
UChicago,2013,6,
UChicago,2013,7,
UChicago,2013,7,
UChicago,2013,7,
UChicago,2013,9,
UChicago,2013,10,
UCBerkeley,2020,1,3
UCBerkeley,2020,1,3
UCBerkeley,2020,1,1
UCBerkeley,2020,1,1
UCBerkeley,2020,2,
UCBerkeley,2020,1,3
UCBerkeley,2020,8,
UCBerkeley,2020,3,
UCBerkeley,2020,3,
UCBerkeley,2020,3,
UCBerkeley,2020,5,
UCBerkeley,2020,5,
UCBerkeley,2020,6,
UCBerkeley,2019,1,3
UCBerkeley,2019,1,3
UCBerkeley,2019,1,3
UCBerkeley,2019,1,3
UCBerkeley,2019,1,1
UCBerkeley,2019,1,3
UCBerkeley,2019,1,1
UCBerkeley,2019,1,2
UCBerkeley,2019,2,
UCBerkeley,2019,2,
UCBerkeley,2019,2,
UCBerkeley,2019,1,3
UCBerkeley,2019,1,2
UCBerkeley,2019,1,2
UCBerkeley,2018,1,3
UCBerkeley,2018,2,
UCBerkeley,2018,8,
UCBerkeley,2018,3,
UCBerkeley,2018,1,3
UCBerkeley,2018,8,
UCBerkeley,2018,9,
UCBerkeley,2018,1,3
UCBerkeley,2018,1,3
UCBerkeley,2018,1,3
UCBerkeley,2018,2,
UCBerkeley,2018,1,3
UCBerkeley,2018,9,
UCBerkeley,2018,8,
UCBerkeley,2017,1,2
UCBerkeley,2017,1,1
UCBerkeley,2017,1,3
UCBerkeley,2017,1,3
UCBerkeley,2017,10,
UCBerkeley,2017,8,
UCBerkeley,2017,8,
UCBerkeley,2017,4,
UCBerkeley,2017,3,
UCBerkeley,2017,1,2
UCBerkeley,2017,5,
UCBerkeley,2017,8,
UCBerkeley,2017,1,1
UCBerkeley,2017,1,1
UCBerkeley,2017,1,2
UCBerkeley,2017,9,
UCBerkeley,2017,1,2
UCBerkeley,2017,6,
UCBerkeley,2016,1,3
UCBerkeley,2016,1,3
UCBerkeley,2016,1,3
UCBerkeley,2016,4,
UCBerkeley,2016,5,
UCBerkeley,2016,3,
UCBerkeley,2016,3,
UCBerkeley,2016,4,
UCBerkeley,2016,5,
UCBerkeley,2016,5,
UCBerkeley,2016,1,2
UCBerkeley,2016,1,1
UCBerkeley,2016,5,
UCBerkeley,2016,1,1
UCBerkeley,2016,9,
UCBerkeley,2015,10,
UCBerkeley,2015,10,
UCBerkeley,2015,1,3
UCBerkeley,2015,1,3
UCBerkeley,2015,1,3
UCBerkeley,2015,1,1
UCBerkeley,2015,1,3
UCBerkeley,2015,1,3
UCBerkeley,2015,1,3
UCBerkeley,2015,2,
UCBerkeley,2015,2,
UCBerkeley,2015,2,
UCBerkeley,2015,8,
UCBerkeley,2015,3,
UCBerkeley,2015,1,1
UCBerkeley,2015,5,
UCBerkeley,2015,5,
UCBerkeley,2015,1,2
UCBerkeley,2015,1,1
UCBerkeley,2014,1,1
UCBerkeley,2014,1,3
UCBerkeley,2014,1,1
UCBerkeley,2014,1,3
UCBerkeley,2014,1,3
UCBerkeley,2014,1,3
UCBerkeley,2014,1,3
UCBerkeley,2014,1,3
UCBerkeley,2014,2,
UCBerkeley,2014,2,
UCBerkeley,2014,8,
UCBerkeley,2014,8,
UCBerkeley,2014,8,
UCBerkeley,2014,8,
UCBerkeley,2014,8,
UCBerkeley,2014,3,
UCBerkeley,2014,1,1
UCBerkeley,2014,1,1
UCBerkeley,2014,1,1
UCBerkeley,2013,1,2
UCBerkeley,2013,6,
UCBerkeley,2013,1,1
UCBerkeley,2013,1,1
UCBerkeley,2013,3,
UCBerkeley,2013,1,3
UCBerkeley,2013,1,3
UCBerkeley,2013,1,3
UCBerkeley,2013,1,3
UCBerkeley,2013,1,3
UCBerkeley,2013,1,3
UCBerkeley,2013,1,3
UCBerkeley,2013,1,3
UCBerkeley,2013,2,
UCBerkeley,2013,8,
UCBerkeley,2013,8,
UCBerkeley,2013,8,
UCBerkeley,2013,1,2
UCBerkeley,2013,6,
UCBerkeley,2012,1,2
UCBerkeley,2012,1,1
UCBerkeley,2012,1,1
UCBerkeley,2012,6,
UCBerkeley,2012,3,
UCBerkeley,2012,1,3
UCBerkeley,2012,1,3
UCBerkeley,2012,1,3
UCBerkeley,2012,1,3
UCBerkeley,2012,1,3
UCBerkeley,2012,1,3
UCBerkeley,2012,2,
UCBerkeley,2012,8,
UCBerkeley,2012,3,
UCBerkeley,2012,3,
UCBerkeley,2012,4,
UCBerkeley,2012,5,
UCBerkeley,2012,6,
UCBerkeley,2012,5,
UCBerkeley,2011,1,2
UCBerkeley,2011,5,
UCBerkeley,2011,5,
UCBerkeley,2011,1,2
UCBerkeley,2011,6,
UCBerkeley,2011,1,3
UCBerkeley,2011,1,3
UCBerkeley,2011,1,3
UCBerkeley,2011,1,3
UCBerkeley,2011,1,3
UCBerkeley,2011,2,
UCBerkeley,2011,2,
UCBerkeley,2011,2,
UCBerkeley,2011,6,
UCBerkeley,2011,8,
UCBerkeley,2011,8,
UCBerkeley,2011,8,
UCBerkeley,2011,3,
UCBerkeley,2011,3,
UCBerkeley,2011,3,
UCBerkeley,2011,4,
UCBerkeley,2011,10,
UCBerkeley,2010,1,1
UCBerkeley,2010,7,
UCBerkeley,2010,6,
UCBerkeley,2010,5,
UCBerkeley,2010,8,
UCBerkeley,2010,1,3
UCBerkeley,2010,1,3
UCBerkeley,2010,1,3
UCBerkeley,2010,1,3
UCBerkeley,2010,1,3
UCBerkeley,2010,2,
UCBerkeley,2010,2,
UCBerkeley,2010,2,
UCBerkeley,2010,8,
UCBerkeley,2010,8,
UCBerkeley,2010,8,
UCBerkeley,2010,8,
UCBerkeley,2010,6,
UCBerkeley,2009,1,1
UCBerkeley,2009,8,
UCBerkeley,2009,8,
UCBerkeley,2009,3,
UCBerkeley,2009,3,
UCBerkeley,2009,3,
UCBerkeley,2009,3,
UCBerkeley,2009,1,1
UCBerkeley,2009,1,3
UCBerkeley,2009,1,3
UCBerkeley,2009,1,3
UCBerkeley,2009,1,3
UCBerkeley,2009,1,3
UCBerkeley,2009,2,
UCBerkeley,2009,8,
UCBerkeley,2009,3,
UCBerkeley,2009,4,
UCBerkeley,2009,4,
UCBerkeley,2009,1,2
UCBerkeley,2009,9,
UCBerkeley,2009,9,
UCBerkeley,2009,10,
UCBerkeley,2008,7,
UCBerkeley,2008,1,1
UCBerkeley,2008,1,2
UCBerkeley,2008,5,
UCBerkeley,2008,1,1
UCBerkeley,2008,6,
UCBerkeley,2008,6,
UCBerkeley,2008,6,
UCBerkeley,2008,1,2
UCBerkeley,2008,8,
UCBerkeley,2008,8,
UCBerkeley,2008,8,
UCBerkeley,2008,8,
UCBerkeley,2008,4,
UCBerkeley,2008,1,3
UCBerkeley,2008,1,3
UCBerkeley,2008,1,3
UCBerkeley,2008,1,1
UCBerkeley,2008,1,3
UCBerkeley,2008,1,3
UCBerkeley,2008,1,3
UCBerkeley,2008,1,3
UCBerkeley,2008,2,
UCBerkeley,2008,2,
UCBerkeley,2008,2,
UCBerkeley,2008,2,
UCBerkeley,2008,6,
UCBerkeley,2008,9,
UCBerkeley,2008,3,
UCBerkeley,2008,4,
UCBerkeley,2007,4,
UCBerkeley,2007,3,
UCBerkeley,2007,4,
UCBerkeley,2007,3,
UCBerkeley,2007,4,
UCBerkeley,2007,1,3
UCBerkeley,2007,1,3
UCBerkeley,2007,1,3
UCBerkeley,2007,1,3
UCBerkeley,2007,1,3
UCBerkeley,2007,1,2
UCBerkeley,2007,1,1
UCBerkeley,2007,1,1
UCBerkeley,2007,2,
UCBerkeley,2007,4,
UCBerkeley,2007,5,
UCBerkeley,2007,6,
UCBerkeley,2007,6,
UCBerkeley,2007,6,
UCBerkeley,2007,8,
UCBerkeley,2007,1,3
Stanford,2020,10,
Stanford,2020,1,3
Stanford,2020,1,1
Stanford,2020,6,
Stanford,2020,1,2
Stanford,2020,10,
Stanford,2020,1,3
Stanford,2020,10,
Stanford,2020,10,
Stanford,2020,6,
Stanford,2020,1,1
Stanford,2020,3,
Stanford,2020,10,
Stanford,2020,1,1
Stanford,2020,6,
Stanford,2020,8,
Stanford,2020,1,3
Stanford,2020,5,
Stanford,2019,8,
Stanford,2019,1,3
Stanford,2019,1,3
Stanford,2019,5,
Stanford,2019,3,
Stanford,2019,5,
Stanford,2019,10,
Stanford,2019,1,3
Stanford,2019,1,3
Stanford,2019,5,
Stanford,2019,9,
Stanford,2019,1,3
Stanford,2019,1,3
Stanford,2019,1,1
Stanford,2019,1,3
Stanford,2019,1,3
Stanford,2019,5,
Stanford,2019,1,3
Stanford,2019,1,2
Stanford,2019,1,3
Stanford,2018,5,
Stanford,2018,1,1
Stanford,2018,1,1
Stanford,2018,5,
Stanford,2018,1,3
Stanford,2018,5,
Stanford,2018,1,3
Stanford,2018,3,
Stanford,2018,1,3
Stanford,2018,1,3
Stanford,2018,1,3
Stanford,2018,5,
Stanford,2018,1,3
Stanford,2018,3,
Stanford,2018,5,
Stanford,2018,5,
Stanford,2018,3,
Stanford,2018,5,
Stanford,2018,3,
Stanford,2018,1,3
Stanford,2018,1,1
Stanford,2018,1,1
Stanford,2017,2,
Stanford,2017,8,
Stanford,2017,1,3
Stanford,2017,1,3
Stanford,2017,1,3
Stanford,2017,8,
Stanford,2017,10,
Stanford,2017,4,
Stanford,2017,10,
Stanford,2017,6,
Stanford,2017,1,3
Stanford,2017,8,
Stanford,2017,8,
Stanford,2017,1,3
Stanford,2017,3,
Stanford,2017,1,2
Stanford,2017,5,
Stanford,2017,5,
Stanford,2017,9,
Stanford,2017,10,
Stanford,2017,1,1
Stanford,2016,10,
Stanford,2016,10,
Stanford,2016,1,3
Stanford,2016,1,3
Stanford,2016,1,3
Stanford,2016,1,1
Stanford,2016,1,3
Stanford,2016,3,
Stanford,2016,1,1
Stanford,2016,1,3
Stanford,2016,3,
Stanford,2016,3,
Stanford,2016,1,1
Stanford,2016,1,1
Stanford,2016,5,
Stanford,2016,5,
Stanford,2016,1,1
Stanford,2016,1,2
Stanford,2016,1,2
Stanford,2015,1,1
Stanford,2015,1,2
Stanford,2015,3,
Stanford,2015,5,
Stanford,2015,1,3
Stanford,2015,1,3
Stanford,2015,1,1
Stanford,2015,1,1
Stanford,2015,1,3
Stanford,2015,1,3
Stanford,2015,1,3
Stanford,2015,1,3
Stanford,2015,1,3
Stanford,2015,1,3
Stanford,2015,1,3
Stanford,2015,1,2
Stanford,2015,1,1
Stanford,2015,3,
Stanford,2015,5,
Stanford,2015,1,1
Stanford,2015,9,
Stanford,2015,5,
Stanford,2015,1,1
Stanford,2015,1,1
Stanford,2015,5,
Stanford,2015,6,
Stanford,2014,10,
Stanford,2014,10,
Stanford,2014,10,
Stanford,2014,5,
Stanford,2014,1,1
Stanford,2014,1,3
Stanford,2014,1,3
Stanford,2014,1,1
Stanford,2014,1,3
Stanford,2014,1,3
Stanford,2014,1,3
Stanford,2014,1,3
Stanford,2014,8,
Stanford,2014,3,
Stanford,2014,6,
Stanford,2014,1,2
Stanford,2013,5,
Stanford,2013,10,
Stanford,2013,5,
Stanford,2013,10,
Stanford,2013,5,
Stanford,2013,1,3
Stanford,2013,1,3
Stanford,2013,1,1
Stanford,2013,1,3
Stanford,2013,1,3
Stanford,2013,1,3
Stanford,2013,1,3
Stanford,2013,3,
Stanford,2013,8,
Stanford,2013,1,3
Stanford,2013,9,
Stanford,2013,5,
Stanford,2013,1,2
Stanford,2012,1,1
Stanford,2012,5,
Stanford,2012,1,1
Stanford,2012,10,
Stanford,2012,1,1
Stanford,2012,1,3
Stanford,2012,1,3
Stanford,2012,1,3
Stanford,2012,8,
Stanford,2012,1,3
Stanford,2012,3,
Stanford,2012,9,
Stanford,2012,1,1
Stanford,2012,1,1
Stanford,2012,1,1
Stanford,2012,6,
Stanford,2011,1,1
Stanford,2011,1,1
Stanford,2011,3,
Stanford,2011,1,3
Stanford,2011,8,
Stanford,2011,1,1
Stanford,2011,1,3
Stanford,2011,1,3
Stanford,2011,3,
Stanford,2011,2,
Stanford,2011,6,
Stanford,2011,1,3
Stanford,2011,3,
Stanford,2011,1,2
Stanford,2011,9,
Stanford,2011,1,2
Stanford,2011,6,
Stanford,2010,5,
Stanford,2010,1,2
Stanford,2010,1,1
Stanford,2010,1,1
Stanford,2010,1,1
Stanford,2010,6,
Stanford,2010,3,
Stanford,2010,1,3
Stanford,2010,1,3
Stanford,2010,1,3
Stanford,2010,1,3
Stanford,2010,8,
Stanford,2010,1,2
Stanford,2010,6,
Stanford,2009,6,
Stanford,2009,9,
Stanford,2009,3,
Stanford,2009,9,
Stanford,2009,8,
Stanford,2009,1,3
Stanford,2009,4,
Stanford,2009,1,3
Stanford,2009,1,3
Stanford,2009,1,1
Stanford,2009,1,3
Stanford,2009,1,3
Stanford,2009,4,
Stanford,2009,9,
Stanford,2009,1,3
Stanford,2009,9,
Stanford,2009,5,
Stanford,2008,1,2
Stanford,2008,1,2
Stanford,2008,5,
Stanford,2008,6,
Stanford,2008,1,1
Stanford,2008,1,2
Stanford,2008,6,
Stanford,2008,5,
Stanford,2008,1,2
Stanford,2008,6,
Stanford,2008,3,
Stanford,2008,1,3
Stanford,2008,8,
Stanford,2008,4,
Stanford,2008,1,3
Stanford,2008,5,
Stanford,2008,1,3
Stanford,2008,8,
Stanford,2008,3,
Stanford,2007,3,
Stanford,2007,3,
Stanford,2007,8,
Stanford,2007,1,3
Stanford,2007,5,
Stanford,2007,1,2
Stanford,2007,1,2
Stanford,2007,1,3
Stanford,2007,5,
Stanford,2007,1,2
Stanford,2007,1,3
Stanford,2007,1,3
Stanford,2007,9,
Stanford,2007,1,3
Stanford,2007,5,
Stanford,2007,1,2
Stanford,2007,1,2
Stanford,2007,1,3
Stanford,2007,1,3
Stanford,2007,1,2
Stanford,2007,1,2
Stanford,2006,3,
Stanford,2006,3,
Stanford,2006,5,
Stanford,2006,1,3
Stanford,2006,2,
Stanford,2006,4,
Stanford,2006,4,
Stanford,2006,1,2
Stanford,2006,1,3
Stanford,2006,1,1
Stanford,2006,1,3
Stanford,2005,3,
Stanford,2005,6,
Stanford,2005,1,3
Stanford,2005,1,3
Stanford,2005,6,
Stanford,2005,1,1
Stanford,2005,1,3
Stanford,2005,6,
Stanford,2005,1,3
Stanford,2005,1,3
Stanford,2005,1,3
Stanford,2005,1,1
Stanford,2005,6,
Stanford,2005,4,
Stanford,2005,1,1
Stanford,2005,8,
Stanford,2005,6,
Columbia,2020,1,3
Columbia,2020,5,
Columbia,2020,5,
Columbia,2020,9,
Columbia,2020,1,3
Columbia,2020,1,3
Columbia,2020,1,2
Columbia,2020,5,
Columbia,2020,1,3
Columbia,2020,1,2
Columbia,2020,1,1
Columbia,2020,1,3
Columbia,2020,2,
Columbia,2020,6,
Columbia,2020,10,
Columbia,2020,9,
Columbia,2020,1,3
Columbia,2020,1,3
Columbia,2020,10,
Columbia,2020,5,
Columbia,2020,3,
Columbia,2020,3,
Columbia,2020,1,3
Columbia,2019,3,
Columbia,2019,6,
Columbia,2019,1,3
Columbia,2019,7,
Columbia,2019,1,3
Columbia,2019,1,3
Columbia,2019,8,
Columbia,2019,1,3
Columbia,2019,6,
Columbia,2019,6,
Columbia,2019,6,
Columbia,2019,1,3
Columbia,2019,9,
Columbia,2019,1,3
Columbia,2019,5,
Columbia,2019,1,1
Columbia,2019,2,
Columbia,2018,1,3
Columbia,2018,3,
Columbia,2018,7,
Columbia,2018,1,1
Columbia,2018,1,3
Columbia,2018,1,3
Columbia,2018,1,3
Columbia,2018,3,
Columbia,2018,1,2
Columbia,2018,6,
Columbia,2018,3,
Columbia,2018,1,3
Columbia,2018,9,
Columbia,2018,2,
Columbia,2018,8,
Columbia,2018,1,3
Columbia,2018,8,
Columbia,2018,1,2
Columbia,2018,1,1
Columbia,2018,1,3
Columbia,2018,1,3
Columbia,2018,1,3
Columbia,2018,10,
Columbia,2018,3,
Columbia,2017,1,2
Columbia,2017,1,3
Columbia,2017,6,
Columbia,2017,8,
Columbia,2017,3,
Columbia,2017,1,3
Columbia,2017,1,1
Columbia,2017,6,
Columbia,2017,1,3
Columbia,2017,3,
Columbia,2017,5,
Columbia,2017,1,2
Columbia,2017,1,3
Columbia,2017,4,
Columbia,2017,1,1
Columbia,2017,1,3
Columbia,2017,3,
Columbia,2017,5,
Columbia,2016,6,
Columbia,2016,3,
Columbia,2016,1,3
Columbia,2016,2,
Columbia,2016,5,
Columbia,2016,6,
Columbia,2016,3,
Columbia,2016,3,
Columbia,2016,5,
Columbia,2016,2,
Columbia,2016,3,
Columbia,2016,1,3
Columbia,2016,10,
Columbia,2016,1,3
Columbia,2016,1,3
Columbia,2015,6,
Columbia,2015,3,
Columbia,2015,3,
Columbia,2015,1,3
Columbia,2015,1,3
Columbia,2015,2,
Columbia,2015,3,
Columbia,2015,3,
Columbia,2015,3,
Columbia,2015,4,
Columbia,2015,8,
Columbia,2015,8,
Columbia,2015,10,
Columbia,2015,1,3
Columbia,2015,1,3
Columbia,2015,1,3
Columbia,2015,3,
Columbia,2015,5,
Columbia,2015,1,2
Columbia,2015,9,
Columbia,2015,1,2
Columbia,2014,5,
Columbia,2014,5,
Columbia,2014,3,
Columbia,2014,1,3
Columbia,2014,1,1
Columbia,2014,1,1
Columbia,2014,8,
Columbia,2014,1,3
Columbia,2014,1,3
Columbia,2014,1,3
Columbia,2014,1,3
Columbia,2014,1,3
Columbia,2014,2,
Columbia,2014,6,
Columbia,2014,8,
Columbia,2014,8,
Columbia,2014,8,
Columbia,2014,1,3
Columbia,2014,1,3
Columbia,2014,1,1
Columbia,2014,1,1
Columbia,2014,1,1
Columbia,2013,1,2
Columbia,2013,1,2
Columbia,2013,1,2
Columbia,2013,1,1
Columbia,2013,3,
Columbia,2013,3,
Columbia,2013,1,2
Columbia,2013,1,3
Columbia,2013,1,3
Columbia,2013,1,3
Columbia,2013,1,3
Columbia,2013,1,3
Columbia,2013,3,
Columbia,2013,6,
Columbia,2013,6,
Columbia,2013,9,
Columbia,2013,1,3
Columbia,2013,1,3
Columbia,2013,9,
Columbia,2013,6,
Columbia,2012,1,1
Columbia,2012,1,2
Columbia,2012,5,
Columbia,2012,5,
Columbia,2012,1,2
Columbia,2012,1,2
Columbia,2012,1,2
Columbia,2012,1,3
Columbia,2012,1,3
Columbia,2012,1,3
Columbia,2012,1,3
Columbia,2012,4,
Columbia,2012,5,
Columbia,2012,1,1
Columbia,2012,3,
Columbia,2012,9,
Columbia,2011,6,
Columbia,2011,10,
Columbia,2011,3,
Columbia,2011,1,3
Columbia,2011,1,3
Columbia,2011,1,3
Columbia,2011,1,3
Columbia,2011,9,
NYU,2019,1,3
NYU,2019,9,
NYU,2019,3,
NYU,2019,1,3
NYU,2019,1,1
NYU,2019,1,1
NYU,2019,1,2
NYU,2019,1,3
NYU,2019,6,
NYU,2019,1,3
NYU,2019,1,1
NYU,2019,1,1
NYU,2019,1,3
NYU,2019,1,3
NYU,2019,3,
NYU,2019,5,
NYU,2019,5,
NYU,2018,5,
NYU,2018,3,
NYU,2018,5,
NYU,2018,3,
NYU,2018,1,1
NYU,2018,3,
NYU,2018,1,3
NYU,2018,1,3
NYU,2018,1,3
NYU,2018,1,3
NYU,2018,5,
NYU,2018,3,
NYU,2018,1,3
NYU,2018,3,
NYU,2018,6,
NYU,2017,1,3
NYU,2017,1,3
NYU,2017,1,3
NYU,2017,1,3
NYU,2017,1,3
NYU,2017,1,3
NYU,2017,1,1
NYU,2017,10,
NYU,2017,5,
NYU,2017,3,
NYU,2017,3,
NYU,2017,1,1
NYU,2016,1,1
NYU,2016,3,
NYU,2016,5,
NYU,2016,1,3
NYU,2016,1,1
NYU,2016,1,3
NYU,2016,1,3
NYU,2016,1,3
NYU,2016,1,3
NYU,2016,1,3
NYU,2016,1,2
NYU,2016,1,3
NYU,2016,3,
NYU,2016,3,
NYU,2016,1,1
NYU,2015,4,
NYU,2015,1,3
NYU,2015,6,
NYU,2015,1,3
NYU,2015,1,3
NYU,2015,1,2
NYU,2015,1,3
NYU,2015,1,3
NYU,2015,1,2
NYU,2015,1,3
NYU,2015,1,2
NYU,2015,1,3
NYU,2015,1,3
NYU,2015,3,
NYU,2015,3,
NYU,2014,3,
NYU,2014,1,2
NYU,2014,1,2
NYU,2014,1,3
NYU,2014,1,1
NYU,2014,1,3
NYU,2014,8,
NYU,2014,2,
NYU,2014,3,
NYU,2014,1,3
NYU,2014,1,3
NYU,2014,1,3
NYU,2014,1,2
NYU,2014,1,3
NYU,2014,3,
NYU,2014,3,
NYU,2013,1,3
NYU,2013,1,3
NYU,2013,1,3
NYU,2013,1,3
NYU,2013,5,
NYU,2013,1,3
NYU,2013,1,3
NYU,2013,1,1
NYU,2013,1,3
NYU,2013,1,2
NYU,2013,1,3
NYU,2013,1,1
NYU,2013,1,1
NYU,2012,1,1
NYU,2012,1,1
NYU,2012,3,
NYU,2012,3,
NYU,2012,3,
NYU,2012,3,
NYU,2012,3,
NYU,2012,8,
NYU,2012,1,3
NYU,2012,1,3
NYU,2012,1,3
NYU,2012,1,3
NYU,2012,1,3
NYU,2012,1,3
NYU,2012,1,3
NYU,2012,1,3
NYU,2012,5,
NYU,2012,5,
NYU,2012,5,
NYU,2012,1,3
NYU,2012,1,3
NYU,2012,1,3
NYU,2012,3,
NYU,2011,1,1
NYU,2011,3,
NYU,2011,3,
NYU,2011,3,
NYU,2011,1,3
NYU,2011,1,3
NYU,2011,1,3
NYU,2011,1,3
NYU,2011,1,3
NYU,2011,1,3
NYU,2011,1,3
NYU,2011,1,3
NYU,2011,1,3
NYU,2011,1,3
NYU,2011,1,3
NYU,2011,1,3
NYU,2011,1,3
NYU,2011,2,
NYU,2011,5,
NYU,2011,6,
Yale,2020,1,3
Yale,2020,1,1
Yale,2020,5,
Yale,2020,1,3
Yale,2020,1,3
Yale,2020,1,3
Yale,2020,1,3
Yale,2020,2,
Yale,2020,1,3
Yale,2020,6,
Yale,2020,6,
Yale,2020,1,2
Yale,2020,5,
Yale,2020,1,3
Yale,2020,1,1
Yale,2020,1,1
Yale,2020,9,
Yale,2020,1,1
Yale,2020,1,2
Yale,2019,2,
Yale,2019,3,
Yale,2019,1,2
Yale,2019,8,
Yale,2019,3,
Yale,2019,1,3
Yale,2019,1,1
Yale,2019,1,2
Yale,2019,1,1
Yale,2019,1,1
Yale,2019,1,2
Yale,2019,1,3
Yale,2019,3,
Yale,2019,1,3
Yale,2019,1,3
Yale,2019,5,
Yale,2019,4,
Yale,2019,1,3
Yale,2019,1,3
Yale,2018,1,1
Yale,2018,5,
Yale,2018,1,2
Yale,2018,1,1
Yale,2018,5,
Yale,2018,1,3
Yale,2018,1,3
Yale,2018,5,
Yale,2018,1,2
Yale,2018,1,2
Yale,2018,2,
Yale,2018,1,3
Yale ,2017,1,3
Yale ,2017,2,
Yale ,2017,1,2
Yale ,2017,8,
Yale ,2017,8,
Yale ,2017,2,
Yale ,2017,3,
Yale ,2017,1,1
Yale ,2017,1,1
Yale ,2016,1,3
Yale ,2016,8,
Yale ,2016,1,3
Yale ,2016,1,2
Yale ,2016,1,3
Yale ,2016,1,3
Yale ,2016,8,
Yale ,2016,1,3
Yale ,2016,1,3
Yale ,2016,1,3
Yale ,2016,3,
Yale ,2016,1,1
Yale ,2016,9,
Yale ,2016,1,2
Yale ,2016,1,1
Yale ,2016,1,2
Yale ,2016,1,2
Yale ,2016,6,
Yale ,2016,1,2
Yale ,2015,1,1
Yale ,2015,6,
Yale ,2015,4,
Yale ,2015,1,3
Yale ,2015,5,
Yale ,2015,2,
Yale ,2015,8,
Yale ,2015,8,
Yale ,2015,1,3
Yale ,2015,1,3
Yale ,2015,3,
Yale ,2015,3,
Yale ,2015,1,2
Yale ,2014,1,1
Yale ,2014,8,
Yale ,2014,1,3
Yale ,2014,1,3
Yale ,2014,1,3
Yale ,2014,2,
Yale ,2014,1,3
Yale ,2014,1,3
Yale ,2014,1,3
Yale ,2014,1,2
Yale ,2014,8,
Yale ,2014,2,
Yale ,2014,1,3
Yale ,2014,3,
Yale ,2014,3,
Yale ,2014,3,
Yale ,2014,1,2
Yale ,2014,1,1
Yale ,2014,5,
Yale ,2014,1,1
Yale ,2013,6,
Yale ,2013,6,
Yale ,2013,2,
Yale ,2013,1,3
Yale ,2013,1,3
Yale ,2013,1,3
Yale ,2013,1,3
Yale ,2013,2,
Yale ,2013,1,3
Yale ,2013,2,
Yale ,2013,2,
Yale ,2013,3,
Yale ,2013,3,
Yale ,2013,5,
Yale ,2013,1,1
Yale ,2013,1,2
Yale ,2012,10,
Yale ,2012,1,2
Yale ,2012,1,1
Yale ,2012,1,1
Yale ,2012,5,
Yale ,2012,8,
Yale ,2012,2,
Yale ,2012,1,3
Yale ,2012,8,
Yale ,2012,2,
Yale ,2012,1,3
Yale ,2012,1,3
Yale ,2012,1,3
Yale ,2012,6,
Yale ,2012,1,3
Yale ,2012,2,
Yale ,2012,5,
Yale ,2012,1,1
Yale ,2011,1,1
Yale ,2011,1,1
Yale ,2011,5,
Yale ,2011,1,1
Yale ,2011,2,
Yale ,2011,1,3
Yale ,2011,1,3
Yale ,2011,2,
Yale ,2011,1,2
Yale ,2011,1,2
Yale ,2011,1,3
Yale ,2011,1,3
Yale ,2011,1,3
Yale ,2011,1,3
Yale ,2011,1,2
Yale ,2011,3,
Yale ,2011,3,
Yale ,2011,1,2
Yale ,2010,1,1
Yale ,2010,1,2
Yale ,2010,1,1
Yale ,2010,5,
Yale ,2010,8,
Yale ,2010,1,3
Yale ,2010,1,3
Yale ,2010,1,3
Yale ,2010,5,
Yale ,2010,1,3
Yale ,2010,1,3
Yale ,2010,1,3
Yale ,2010,1,3
Yale ,2010,3,
Yale ,2010,1,1
Yale ,2010,1,2
Yale ,2010,1,2
Yale ,2009,1,2
Yale ,2009,6,
Yale ,2009,1,1
Yale ,2009,1,1
Yale ,2009,1,2
Yale ,2009,1,3
Yale ,2009,1,3
Yale ,2009,1,3
Yale ,2009,1,3
Yale ,2009,8,
Yale ,2009,2,
Yale ,2009,1,3
Yale ,2009,4,
Yale ,2009,1,2
Yale ,2009,1,1
Yale ,2009,1,1
Yale ,2009,4,
Yale ,2009,1,1
Yale ,2009,2,
Yale ,2008,1,2
Yale ,2008,1,2
Yale ,2008,1,2
Yale ,2008,2,
Yale ,2008,1,3
Yale ,2008,1,3
Yale ,2008,1,3
Yale ,2008,9,
Yale ,2008,2,
Yale ,2007,1,3
Yale ,2007,1,3
Yale ,2007,1,3
Yale ,2007,1,3
Yale ,2007,2,
Yale ,2007,5,
Yale ,2007,8,
Yale ,2007,1,3
Yale ,2007,1,2
Yale ,2007,6,
Yale ,2007,8,
Yale ,2007,8,
Yale ,2007,1,2
Yale ,2007,3,
Yale ,2006,1,2
Yale ,2006,2,
Yale ,2006,1,1
Yale ,2006,1,3
Yale ,2006,1,2
Yale ,2006,1,2
Yale ,2006,1,3
Yale ,2006,2,
Yale ,2006,1,3
Yale ,2006,6,
Yale ,2006,1,3
Yale ,2006,1,2
Yale ,2006,6,
Yale ,2006,5,
Yale ,2006,1,1
Yale ,2006,5,
Yale ,2006,1,3
Yale ,2006,1,3
Yale ,2006,2,
Yale ,2006,3,
Yale ,2005,3,
Yale ,2005,3,
Yale ,2005,1,1
Yale ,2005,1,1
Yale ,2005,1,3
Yale ,2005,6,
Yale ,2005,4,
Yale ,2005,1,3
Yale ,2005,1,3
Yale ,2005,5,
Yale ,2005,1,1
Yale ,2005,3,
Yale ,2005,1,1
Yale ,2005,1,3
Yale ,2005,6,
Yale ,2005,5,
Yale ,2005,1,3
Yale ,2005,1,3
Yale ,2005,1,3
Yale ,2005,1,3
Yale ,2004,3,
Yale ,2004,6,
Yale ,2004,1,2
Yale ,2004,1,1
Yale ,2004,1,2
Yale ,2004,6,
Yale ,2004,5,
Yale ,2004,6,
Yale ,2004,1,3
Yale ,2004,1,3
Yale ,2004,1,1
Yale ,2004,1,3
Yale ,2004,1,1
Yale ,2004,1,2
Yale ,2004,1,3
Yale ,2003,6,
Yale ,2003,10,
Yale ,2003,2,
Yale ,2003,6,
Yale ,2003,1,3
Yale ,2003,1,1
Yale ,2003,1,3
Yale ,2003,9,
Yale ,2003,1,3
Yale ,2003,1,3
Yale ,2003,1,2
Yale ,2003,1,2
Yale ,2003,1,3
Yale ,2003,1,2
Yale ,2003,1,3
Yale ,2003,1,2
Yale ,2002,3,
Yale ,2002,3,
Yale ,2002,3,
Yale ,2002,1,3
Yale ,2002,1,2
Yale ,2002,1,3
Yale ,2002,4,
Yale ,2002,1,3
Yale ,2002,1,3
Yale ,2002,1,3
Yale ,2002,1,3
Yale ,2002,1,1
Yale ,2002,1,3
Yale ,2002,5,
Yale ,2002,5,
Yale ,2001,3,
Yale ,2001,3,
Yale ,2001,1,3
Yale ,2001,1,1
Yale ,2001,1,3
Yale ,2001,5,
Yale ,2001,1,2
Yale ,2001,1,1
Yale ,2001,2,
Yale ,2001,1,1
Yale ,2001,10,
Yale ,2001,5,
Yale ,2001,1,3
Yale ,2001,1,2
Yale ,2000,3,
Yale ,2000,1,1
Yale ,2000,1,3
Yale ,2000,1,3
Yale ,2000,1,3
Yale ,2000,1,3
Yale ,2000,1,1
Yale ,2000,1,3
Yale ,2000,2,
Yale ,2000,1,3
Yale ,2000,1,3
Yale ,2000,1,3
Yale ,1999,3,
Yale ,1999,3,
Yale ,1999,6,
Yale ,1999,8,
Yale ,1999,1,2
Yale ,1999,1,1
Yale ,1999,2,
Yale ,1999,1,3
Yale ,1999,8,
Yale ,1999,1,3
Yale ,1999,1,1
Yale ,1998,3,
Yale ,1998,3,
Yale ,1998,1,3
Yale ,1998,6,
Yale ,1998,6,
Yale ,1998,1,3
Yale ,1998,1,1
Yale ,1998,10,
Yale ,1998,1,3
Yale ,1998,1,3
Yale ,1998,1,2
Yale ,1998,1,3
Yale ,1998,1,2
Yale ,1998,4,
Yale ,1998,1,3
Yale ,1998,2,
Yale ,1998,2,
Yale ,1998,1,2
Yale ,1998,2,
Yale ,1998,9,
Yale ,1998,1,3
Yale ,1998,1,1
Yale ,1998,1,1
Yale ,1998,1,1
Brown,2020,1,3
Brown,2020,1,3
Brown,2020,1,3
Brown,2020,10,
Brown,2020,6,
Brown,2020,10,
Brown,2020,10,
Brown,2020,1,3
Brown,2020,3,
Brown,2020,10,
Brown,2020,8,
Brown,2019,10,
Brown,2019,3,
Brown,2019,1,2
Brown,2019,1,3
Brown,2019,3,
Brown,2019,6,
Brown,2019,5,
Brown,2019,1,3
Brown,2019,2,
Brown,2018,3,
Brown,2018,2,
Brown,2018,5,
Brown,2018,3,
Brown,2018,1,3
Brown,2018,3,
Brown,2018,1,3
Brown,2018,5,
Brown,2018,1,3
Brown ,2017,1,3
Brown ,2017,1,3
Brown ,2017,5,
Brown ,2017,1,3
Brown ,2017,1,3
Brown ,2017,1,3
Brown ,2017,1,3
Brown ,2017,3,
Brown ,2017,3,
Brown ,2017,10,
Brown ,2016,2,
Brown ,2016,3,
Brown ,2016,5,
Brown ,2016,8,
Brown ,2016,9,
Brown ,2016,9,
Brown ,2016,9,
Brown ,2016,9,
Brown ,2016,1,3
Brown ,2016,1,3
Brown ,2016,1,3
Brown ,2016,1,3
Brown ,2016,3,
Brown ,2016,5,
Brown ,2015,10,
Brown ,2015,1,2
Brown ,2015,4,
Brown ,2015,8,
Brown ,2015,1,3
Brown ,2015,1,3
Brown ,2014,1,1
Brown ,2014,6,
Brown ,2014,9,
Brown ,2014,2,
Brown ,2014,1,3
Brown ,2014,3,
Brown ,2013,3,
Brown ,2013,1,3
Brown ,2013,1,3
Brown ,2013,8,
Brown ,2013,8,
Brown ,2013,7,
Brown ,2013,1,3
Brown ,2013,1,3
Brown ,2013,5,
Brown ,2012,5,
Brown ,2012,1,3
Brown ,2012,1,3
Brown ,2012,1,2
Brown ,2012,1,3
Brown ,2012,2,
Brown ,2012,2,
Brown ,2012,6,
Brown ,2012,8,
Brown ,2012,1,3
Brown ,2012,1,3
Brown ,2012,1,3
Brown ,2011,3,
Brown ,2011,3,
Brown ,2011,6,
Brown ,2011,8,
Brown ,2011,1,3
Brown ,2011,1,1
Brown ,2011,1,3
Brown ,2011,1,3
Brown ,2011,1,3
Brown ,2010,3,
Brown ,2010,3,
Brown ,2010,1,3
Brown ,2010,1,3
Brown ,2010,1,3
Brown ,2010,2,
Brown ,2010,1,2
Brown ,2009,1,3
Brown ,2009,2,
Brown ,2009,4,
Brown ,2009,7,
Brown ,2009,7,
Brown ,2009,9,
Brown ,2009,9,
Brown ,2009,9,
Brown ,2009,9,
Brown ,2009,1,3
Brown ,2009,1,3
Brown ,2008,1,3
Brown ,2008,1,3
Brown ,2008,1,3
Brown ,2008,1,3
Brown ,2008,2,
Brown ,2008,2,
Brown ,2008,6,
Brown ,2008,1,3
Brown ,2007,1,3
Brown ,2007,8,
Brown ,2007,1,3
Brown ,2007,1,3
Brown ,2007,1,3
Brown ,2007,1,3
Brown ,2007,1,3
Brown ,2007,1,3
Brown ,2007,2,
Brown ,2007,4,
Brown ,2007,3,
Brown ,2007,5,
Brown ,2007,9,
Brown ,2006,1,2
Brown ,2006,1,3
Brown ,2006,1,3
Brown ,2006,2,
Brown ,2005,1,3
Brown ,2005,1,3
Brown ,2005,1,3
Brown ,2005,1,3
Brown ,2005,2,
Brown ,2005,4,
Boston,2020,4,
Boston,2020,1,3
Boston,2020,1,3
Boston,2020,4,
Boston,2020,4,
Boston,2020,1,3
Boston,2020,1,3
Boston,2020,5,
Boston,2020,1,3
Boston,2020,5,
Boston,2020,6,
Boston,2020,8,
Boston,2020,5,
Boston,2020,1,3
Boston,2020,6,
Boston,2019,9,
Boston,2019,1,3
Boston,2019,5,
Boston,2019,1,3
Boston,2019,1,3
Boston,2019,2,
Boston,2019,9,
Boston,2019,1,3
Boston,2019,9,
Boston,2019,10,
Boston,2019,10,
Boston,2019,5,
Boston,2019,5,
Boston,2019,5,
Boston,2019,3,
Boston,2019,8,
Boston,2018,5,
Boston,2018,7,
Boston,2018,5,
Boston,2018,8,
Boston ,2018,1,3
Boston ,2018,2,
Boston ,2018,9,
Boston ,2018,7,
Boston ,2018,8,
Boston ,2018,3,
Boston ,2018,5,
Boston ,2018,5,
Boston ,2018,6,
Boston ,2018,4,
Boston ,2018,1,3
Boston ,2018,1,3
Boston ,2018,3,
Boston ,2018,1,3
Boston ,2018,1,3
Boston ,2017,2,
Boston ,2017,10,
Boston ,2017,10,
Boston ,2017,10,
Boston ,2017,8,
Boston ,2017,8,
Boston ,2017,1,3
Boston ,2017,1,1
Boston ,2017,1,3
Boston ,2017,1,3
Boston ,2017,3,
Boston ,2016,2,
Boston ,2016,7,
Boston ,2016,7,
Boston ,2016,8,
Boston ,2016,8,
Boston ,2016,8,
Boston ,2016,8,
Boston ,2016,2,
Boston ,2016,3,
Boston ,2016,10,
Boston ,2016,4,
Boston ,2016,10,
Boston ,2016,1,3
Boston ,2016,1,3
Boston ,2016,1,3
Boston ,2016,2,
Boston ,2016,1,3
Boston ,2016,3,
Boston ,2016,3,
Boston ,2016,3,
Boston ,2016,3,
Boston ,2016,6,
Boston ,2016,5,
Boston ,2016,5,
Boston ,2015,8,
Boston ,2015,8,
Boston ,2015,1,3
Boston ,2015,2,
Boston ,2015,5,
Boston ,2015,5,
Boston ,2015,1,3
Boston ,2015,1,3
Boston ,2015,1,2
Boston ,2015,1,3
Boston ,2015,1,3
Boston ,2015,1,3
Boston ,2015,1,3
Boston ,2015,3,
Boston ,2015,5,
Boston ,2015,5,
Boston ,2015,9,
Boston ,2015,9,
Boston ,2014,5,
Boston ,2014,1,3
Boston ,2014,1,3
Boston ,2014,1,3
Boston ,2014,8,
Boston ,2014,8,
Boston ,2014,1,3
Boston ,2014,2,
Boston ,2014,3,
Boston ,2014,1,3
Boston ,2014,1,3
Boston ,2014,1,3
Boston ,2014,1,3
Boston ,2014,1,3
Boston ,2014,1,3
Boston ,2014,1,3
Boston ,2014,1,3
Boston ,2014,1,3
Boston ,2014,3,
Boston ,2014,3,
Boston ,2014,6,
Boston ,2014,6,
Boston ,2013,5,
Boston ,2013,10,
Boston ,2013,1,3
Boston ,2013,1,3
Boston ,2013,1,1
Boston ,2013,8,
Boston ,2013,8,
Boston ,2013,8,
Boston ,2013,8,
Boston ,2013,4,
Boston ,2013,4,
Boston ,2013,1,3
Boston ,2013,1,3
Boston ,2013,1,3
Boston ,2013,1,3
Boston ,2013,1,3
Boston ,2013,1,3
Boston ,2013,3,
Boston ,2013,3,
Boston ,2013,3,
Boston ,2013,6,
Boston ,2012,5,
Boston ,2012,1,2
Boston ,2012,1,3
Boston ,2012,1,3
Boston ,2012,1,3
Boston ,2012,1,3
Boston ,2012,1,3
Boston ,2012,1,3
Boston ,2012,1,3
Boston ,2012,1,3
Boston ,2012,3,
Boston ,2012,9,
Boston ,2011,10,
Boston ,2011,3,
Boston ,2011,3,
Boston ,2011,1,1
Boston ,2011,1,3
Boston ,2011,1,3
Boston ,2011,2,
Boston ,2011,2,
Boston ,2011,1,3
Boston ,2011,1,3
Boston ,2011,1,3
Boston ,2011,1,3
Boston ,2011,1,3
Boston ,2010,3,
Boston ,2010,1,3
Boston ,2010,1,3
Boston ,2010,1,3
Boston ,2010,1,3
Boston ,2010,1,3
Boston ,2010,9,
Boston ,2010,9,
Boston ,2010,9,
Boston ,2010,1,3
Boston ,2010,1,3
Boston ,2010,1,3
Boston ,2010,3,
Boston ,2010,9,
Boston ,2009,3,
Boston ,2009,3,
Boston ,2009,3,
Boston ,2009,3,
Boston ,2009,1,3
Boston ,2009,1,3
Boston ,2009,1,3
Boston ,2009,1,3
Boston ,2009,1,3
Boston ,2009,1,3
Boston ,2009,1,3
Boston ,2009,1,3
Boston ,2009,1,3
Boston ,2009,2,
Boston ,2009,3,
Boston ,2009,4,
Boston ,2009,3,
Boston ,2009,8,
Boston ,2009,9,
Boston ,2009,9,
Boston ,2008,6,
Boston ,2008,5,
Boston ,2008,6,
Boston ,2008,6,
Boston ,2008,10,
Boston ,2008,3,
Boston ,2008,3,
Boston ,2008,1,3
Boston ,2008,1,3
Boston ,2008,1,2
Boston ,2008,1,3
Boston ,2008,1,3
Boston ,2008,1,1
Boston ,2008,1,2
Boston ,2008,1,3
Boston ,2008,1,3
Boston ,2008,1,3
Boston ,2008,1,3
Boston ,2008,2,
Boston ,2008,2,
Boston ,2008,4,
Boston ,2008,6,
Boston ,2008,9,
Boston ,2008,9,
Boston ,2008,9,
Boston ,2008,1,3
Boston ,2007,1,3
Boston ,2007,1,3
Boston ,2007,1,3
Boston ,2007,1,1
Boston ,2007,1,3
Boston ,2007,1,3
Boston ,2007,1,3
Boston ,2007,3,
Boston ,2007,3,
Boston ,2007,4,
Boston ,2007,5,
Boston ,2007,9,
Boston ,2006,1,1
Boston ,2006,1,1
Boston,2006,1,3
Boston,2006,3,
Boston,2006,3,
Boston,2006,3,
Boston,2006,5,
Boston,2006,5,
Boston,2006,6,
Boston,2006,6,
Boston,2005,1,3
Boston,2005,1,3
Boston,2005,1,3
Boston,2005,1,3
Boston,2005,3,
Boston,2005,3,
Boston,2005,5,
Michigan,2020,1,3
Michigan,2020,4,
Michigan,2020,1,3
Michigan,2020,5,
Michigan,2020,4,
Michigan,2020,10,
Michigan,2020,2,
Michigan,2020,5,
Michigan,2020,1,3
Michigan,2020,5,
Michigan,2020,3,
Michigan,2020,1,3
Michigan,2020,3,
Michigan,2020,1,3
Michigan,2020,1,3
Michigan,2020,3,
Michigan,2020,3,
Michigan,2020,10,
Michigan,2020,1,3
Michigan,2020,1,3
Michigan,2020,1,3
Michigan,2019,3,
Michigan,2019,4,
Michigan,2019,8,
Michigan,2019,3,
Michigan,2019,5,
Michigan,2019,1,3
Michigan,2019,5,
Michigan,2019,1,2
Michigan,2019,1,3
Michigan,2019,3,
Michigan,2019,1,3
Michigan,2019,3,
Michigan ,2019,10,
Michigan ,2019,1,3
Michigan ,2019,1,3
Michigan ,2019,1,3
Michigan ,2018,1,3
Michigan ,2018,3,
Michigan ,2018,1,3
Michigan ,2018,1,3
Michigan ,2018,5,
Michigan ,2018,1,2
Michigan ,2018,1,3
Michigan ,2018,6,
Michigan ,2018,9,
Michigan ,2018,1,3
Michigan ,2018,9,
Michigan ,2018,6,
Michigan ,2018,3,
Michigan ,2018,8,
Michigan ,2018,1,3
Michigan ,2018,1,3
Michigan ,2018,3,
Michigan ,2017,2,
Michigan ,2017,2,
Michigan ,2017,2,
Michigan ,2017,3,
Michigan ,2017,10,
Michigan ,2017,10,
Michigan ,2017,10,
Michigan ,2017,5,
Michigan ,2017,5,
Michigan ,2017,6,
Michigan ,2017,8,
Michigan ,2017,8,
Michigan ,2017,8,
Michigan ,2017,8,
Michigan ,2017,8,
Michigan ,2017,9,
Michigan ,2017,1,3
Michigan ,2017,1,3
Michigan ,2017,1,3
Michigan ,2017,1,3
Michigan ,2017,3,
Michigan ,2017,5,
Michigan ,2017,1,2
Michigan ,2017,6,
Michigan ,2017,10,
Michigan ,2017,6,
Michigan ,2016,9,
Michigan ,2016,1,3
Michigan ,2016,1,3
Michigan ,2016,1,3
Michigan ,2016,1,1
Michigan ,2016,1,3
Michigan ,2016,1,1
Michigan ,2016,1,3
Michigan ,2016,1,3
Michigan ,2016,1,3
Michigan ,2016,1,3
Michigan ,2016,2,
Michigan ,2016,2,
Michigan ,2016,8,
Michigan ,2016,9,
Michigan ,2016,9,
Michigan ,2016,1,3
Michigan ,2016,1,3
Michigan ,2016,1,3
Michigan ,2016,1,3
Michigan ,2016,1,3
Michigan ,2016,1,3
Michigan ,2016,1,3
Michigan ,2016,1,3
Michigan ,2016,1,3
Michigan ,2016,4,
Michigan ,2016,4,
Michigan ,2016,5,
Michigan ,2016,1,2
Michigan ,2016,10,
Michigan ,2015,6,
Michigan ,2015,9,
Michigan ,2015,1,2
Michigan ,2015,9,
Michigan ,2015,1,3
Michigan ,2015,1,3
Michigan ,2015,1,3
Michigan ,2015,1,3
Michigan ,2015,1,3
Michigan ,2015,1,3
Michigan ,2015,1,3
Michigan ,2015,2,
Michigan ,2015,4,
Michigan ,2015,3,
Michigan ,2015,5,
Michigan ,2015,1,3
Michigan ,2015,3,
Michigan ,2015,3,
Michigan ,2015,4,
Michigan ,2015,4,
Michigan ,2015,5,
Michigan ,2014,9,
Michigan ,2014,9,
Michigan ,2014,3,
Michigan ,2014,4,
Michigan ,2014,4,
Michigan ,2014,1,3
Michigan ,2014,1,3
Michigan ,2014,1,3
Michigan ,2014,1,3
Michigan ,2014,1,3
Michigan ,2014,1,3
Michigan ,2014,2,
Michigan ,2014,2,
Michigan ,2014,2,
Michigan ,2014,2,
Michigan ,2014,6,
Michigan ,2014,8,
Michigan ,2014,8,
Michigan ,2014,9,
Michigan ,2014,2,
Michigan ,2014,1,3
Michigan ,2014,1,3
Michigan ,2014,1,3
Michigan ,2014,2,
Michigan ,2014,1,1
Michigan ,2014,1,3
Michigan ,2014,3,
Michigan ,2014,3,
Michigan ,2014,5,
Michigan ,2013,6,
Michigan ,2013,9,
Michigan ,2013,9,
Michigan ,2013,3,
Michigan ,2013,1,3
Michigan ,2013,1,3
Michigan ,2013,2,
Michigan ,2013,2,
Michigan ,2013,2,
Michigan ,2013,2,
Michigan ,2013,9,
Michigan ,2013,3,
Michigan ,2013,9,
Michigan ,2013,9,
Michigan ,2013,2,
Michigan ,2013,3,
Michigan ,2013,3,
Michigan ,2013,5,
Michigan ,2012,1,2
Michigan ,2012,9,
Michigan ,2012,9,
Michigan ,2012,4,
Michigan ,2012,3,
Michigan ,2012,4,
Michigan ,2012,1,3
Michigan ,2012,1,1
Michigan ,2012,1,3
Michigan ,2012,1,3
Michigan ,2012,1,3
Michigan ,2012,1,3
Michigan ,2012,1,3
Michigan ,2012,1,2
Michigan ,2012,2,
Michigan ,2012,9,
Michigan ,2012,1,3
Michigan ,2012,3,
Michigan ,2011,5,
Michigan ,2011,5,
Michigan ,2011,6,
Michigan ,2011,1,2
Michigan ,2011,9,
Michigan ,2011,9,
Michigan ,2011,3,
Michigan ,2011,3,
Michigan ,2011,3,
Michigan ,2011,3,
Michigan ,2011,1,3
Michigan,2011,1,3
Michigan,2011,1,2
Michigan,2011,1,3
Michigan,2011,1,1
Michigan,2011,2,
Michigan,2011,2,
Michigan,2011,4,
Michigan,2011,9,
Michigan,2010,6,
Michigan,2010,9,
Michigan,2010,4,
Michigan,2010,1,3
Michigan,2010,1,3
Michigan,2010,1,1
Michigan,2010,1,3
Michigan,2010,1,3
Michigan,2010,2,
Michigan,2010,2,
Michigan,2010,4,
Michigan,2010,4,
Michigan,2010,6,
UPenn,2020,3,
UPenn,2020,6,
UPenn,2020,3,
UPenn,2020,1,3
UPenn,2020,10,
UPenn,2020,1,2
UPenn,2020,3,
UPenn,2020,1,2
UPenn,2020,3,
UPenn,2020,1,3
UPenn,2020,1,3
UPenn,2019,3,
UPenn,2019,1,3
UPenn,2019,5,
UPenn,2019,1,3
UPenn,2019,6,
UPenn,2019,5,
UPenn,2019,9,
UPenn,2019,1,3
UPenn,2019,1,3
UPenn,2019,10,
UPenn,2019,3,
UPenn,2019,1,3
UPenn,2019,1,3
UPenn,2019,1,3
UPenn,2018,1,3
UPenn,2018,1,3
UPenn,2018,1,3
UPenn,2018,6,
UPenn,2018,4,
UPenn,2018,5,
UPenn,2018,1,3
UPenn,2018,1,3
UPenn,2018,1,3
UPenn,2018,1,1
UPenn,2017,8,
UPenn,2017,10,
UPenn,2017,9,
UPenn,2017,8,
UPenn,2017,8,
UPenn,2017,9,
UPenn,2017,8,
UPenn,2017,10,
UPenn,2017,1,3
UPenn,2017,1,3
UPenn,2017,1,3
UPenn,2017,1,3
UPenn,2017,3,
UPenn,2017,3,
UPenn,2017,5,
UPenn,2016,5,
UPenn,2016,5,
UPenn,2016,1,3
UPenn,2016,1,3
UPenn,2016,1,3
UPenn,2016,1,3
UPenn,2016,1,3
UPenn,2016,1,3
UPenn,2016,1,3
UPenn,2016,1,3
UPenn,2016,3,
UPenn,2016,5,
UPenn,2016,6,
UPenn,2016,1,2
UPenn,2016,6,
UPenn,2015,1,2
UPenn,2015,1,3
UPenn,2015,3,
UPenn,2015,8,
UPenn,2015,9,
UPenn,2015,9,
UPenn,2015,9,
UPenn,2015,2,
UPenn,2015,1,3
UPenn,2015,1,3
UPenn,2015,1,3
UPenn,2015,1,3
UPenn,2015,1,3
UPenn,2015,1,3
UPenn,2015,1,3
UPenn,2015,3,
UPenn,2015,3,
UPenn,2015,3,
UPenn,2014,1,2
UPenn,2014,1,3
UPenn,2014,1,3
UPenn,2014,1,1
UPenn,2014,8,
UPenn,2014,8,
UPenn,2014,1,3
UPenn,2014,1,3
UPenn,2014,1,3
UPenn,2014,1,3
UPenn,2014,1,2
UPenn,2014,1,3
UPenn,2014,1,3
UPenn,2014,1,3
UPenn,2014,3,
UPenn,2014,3,
UPenn,2014,1,2
UPenn,2013,3,
UPenn,2013,1,3
UPenn,2013,1,3
UPenn,2013,2,
UPenn,2013,8,
UPenn,2013,1,3
UPenn,2013,1,3
UPenn,2013,1,3
UPenn,2013,1,3
UPenn,2013,1,3
UPenn,2013,1,3
UPenn,2013,3,
UPenn,2013,3,
UPenn,2013,5,
UPenn,2013,10,
UPenn,2012,1,2
UPenn,2012,3,
UPenn,2012,1,3
UPenn,2012,1,3
UPenn,2012,2,
UPenn,2012,1,3
UPenn,2012,1,1
UPenn,2012,1,3
UPenn,2012,1,3
UPenn,2012,1,3
UPenn,2012,1,3
UPenn,2012,3,
UPenn,2011,6,
UPenn,2011,9,
UPenn,2011,3,
UPenn,2011,3,
UPenn,2011,3,
UPenn,2011,3,
UPenn,2011,3,
UPenn,2011,1,3
UPenn,2011,1,3
UPenn,2011,3,
UPenn,2011,3,
UPenn,2011,5,
UPenn,2011,8,
UPenn,2011,1,3
UPenn,2011,1,3
UPenn,2011,1,3
UPenn,2011,1,3
UPenn,2011,3,
UPenn,2011,5,
UPenn,2010,9,
UPenn,2010,3,
UPenn,2010,3,
UPenn,2010,1,3
UPenn,2010,1,3
UPenn,2010,1,3
UPenn,2010,1,3
UPenn,2010,1,3
UPenn,2010,2,
UPenn,2010,2,
UPenn,2010,8,
UPenn,2010,2,
UPenn,2010,6,
UPenn,2010,1,3
UPenn,2010,1,2
UPenn,2010,3,
UPenn,2010,1,2
UPenn,2009,3,
UPenn,2009,3,
UPenn,2009,1,3
UPenn,2009,1,3
UPenn,2009,1,3
UPenn,2009,1,3
UPenn,2009,1,3
UPenn,2009,1,3
UPenn,2009,1,3
UPenn,2009,4,
UPenn,2009,8,
UPenn,2009,4,
UPenn,2009,10,
UPenn,2008,5,
UPenn,2008,6,
UPenn,2008,1,2
UPenn,2008,1,3
UPenn,2008,1,1
UPenn,2008,1,3
UPenn,2008,1,3
UPenn,2008,6,
UPenn,2008,5,
UPenn,2008,10,
UPenn,2008,10,
UPenn,2008,4,
UPenn,2008,1,3
UPenn,2007,1,3
UPenn,2007,1,3
UPenn,2007,1,3
UPenn,2007,1,3
UPenn,2007,1,3
UPenn,2007,6,
UPenn,2007,6,
UPenn,2007,3,
UPenn,2007,8,
UPenn,2007,1,3
UPenn,2006,1,3
UPenn,2006,2,
UPenn,2006,1,2
UPenn,2006,1,3
UPenn,2006,1,3
UPenn,2006,1,2
UPenn,2006,5,
UPenn,2006,10,
UPenn,2006,9,
UPenn,2006,6,
UPenn,2006,1,1
UPenn,2006,1,1
UCLA,2020,1,3
UCLA,2020,1,3
UCLA,2020,5,
UCLA,2020,10,
UCLA,2020,9,
UCLA,2020,3,
UCLA,2020,1,3
UCLA,2020,3,
UCLA,2020,1,3
UCLA,2020,1,3
UCLA,2020,1,3
UCLA,2020,10,
UCLA,2020,1,3
UCLA,2020,10,
UCLA,2020,1,2
UCLA,2020,1,3
UCLA,2020,1,1
UCLA,2020,6,
UCLA,2020,10,
UCLA,2020,1,3
UCLA,2019,1,3
UCLA,2019,3,
UCLA,2019,1,3
UCLA,2019,1,3
UCLA,2019,5,
UCLA,2019,10,
UCLA,2019,5,
UCLA,2019,6,
UCLA,2019,6,
UCLA,2019,8,
UCLA,2019,1,3
UCLA,2019,9,
UCLA,2019,9,
UCLA,2019,3,
UCLA,2019,3,
UCLA,2019,1,3
UCLA,2019,5,
UCLA,2019,1,3
UCLA,2019,3,
UCLA,2019,5,
UCLA,2019,10,
UCLA,2019,5,
UCLA,2018,5,
UCLA,2018,1,3
UCLA,2018,3,
UCLA,2018,1,3
UCLA,2018,1,3
UCLA,2018,1,3
UCLA,2018,1,3
UCLA,2018,1,3
UCLA,2018,3,
UCLA,2018,3,
UCLA,2018,8,
UCLA,2018,3,
UCLA,2018,1,3
UCLA,2018,8,
UCLA,2018,5,
UCLA,2018,3,
UCLA,2017,10,
UCLA,2017,10,
UCLA,2017,1,3
UCLA,2017,1,3
UCLA,2017,1,3
UCLA,2017,1,3
UCLA,2017,3,
UCLA,2017,3,
UCLA,2017,5,
UCLA,2016,3,
UCLA,2016,9,
UCLA,2016,1,3
UCLA,2016,1,3
UCLA,2016,1,3
UCLA,2016,4,
UCLA,2016,5,
UCLA,2016,9,
UCLA,2016,9,
UCLA,2016,9,
UCLA,2016,1,3
UCLA,2016,1,3
UCLA,2016,1,3
UCLA,2016,1,3
UCLA,2016,1,3
UCLA,2016,1,3
UCLA,2016,1,3
UCLA,2016,1,3
UCLA,2016,3,
UCLA,2016,3,
UCLA,2016,5,
UCLA,2016,5,
UCLA,2016,6,
UCLA,2016,10,
UCLA,2016,10,
UCLA,2016,1,1
UCLA,2015,9,
UCLA,2015,1,3
UCLA,2015,1,3
UCLA,2015,5,
UCLA,2015,8,
UCLA,2015,3,
UCLA,2015,1,3
UCLA,2015,1,3
UCLA,2015,1,3
UCLA,2015,1,3
UCLA,2015,3,
UCLA,2015,3,
UCLA,2015,3,
UCLA,2015,3,
UCLA,2015,5,
UCLA,2015,1,2
UCLA,2014,3,
UCLA,2014,2,
UCLA,2014,1,3
UCLA,2014,1,3
UCLA,2014,1,3
UCLA,2014,5,
UCLA,2014,5,
UCLA,2014,1,2
UCLA,2014,10,
UCLA,2013,10,
UCLA,2013,10,
UCLA,2013,1,3
UCLA,2013,2,
UCLA,2013,3,
UCLA,2013,4,
UCLA,2013,1,3
UCLA,2013,1,3
UCLA,2013,3,
UCLA,2013,3,
UCLA,2013,3,
UCLA,2013,3,
UCLA,2013,6,
UCLA,2013,1,2
UCLA,2012,9,
UCLA,2012,1,2
UCLA,2012,5,
UCLA,2012,3,
UCLA,2012,3,
UCLA,2012,5,
UCLA,2012,7,
UCLA,2012,1,3
UCLA,2012,1,3
UCLA,2012,1,3
UCLA,2012,1,3
UCLA,2012,1,3
UCLA,2012,5,
UCLA,2012,5,
UCLA,2012,6,
UCLA,2011,6,
UCLA,2011,9,
UCLA,2011,5,
UCLA,2011,9,
UCLA,2011,5,
UCLA,2011,3,
UCLA,2011,3,
UCLA,2011,3,
UCLA,2011,3,
UCLA,2011,3,
UCLA,2011,3,
UCLA,2011,3,
UCLA,2011,3,
UCLA,2011,1,3
UCLA,2011,1,3
UCLA,2011,1,3
UCLA,2011,1,3
UCLA,2011,8,
UCLA,2011,1,3
UCLA,2011,3,
UCLA,2011,3,
UCLA,2011,6,
UCLA,2011,1,2
UCLA,2010,6,
UCLA,2010,9,
UCLA,2010,6,
UCLA,2010,3,
UCLA,2010,3,
UCLA,2010,3,
UCLA,2010,1,3
UCLA,2010,8,
UCLA,2010,1,3
UCLA,2010,1,3
UCLA,2010,1,3
UCLA,2010,1,3
UCLA,2010,1,3
UCLA,2010,1,3
UCLA,2010,1,3
UCLA,2009,9,
UCLA,2009,3,
UCLA,2009,3,
UCLA,2009,3,
UCLA,2009,1,3
UCLA,2009,1,3
UCLA,2009,2,
UCLA,2009,8,
UCLA,2009,4,
UCLA,2008,3,
UCLA,2008,1,3
UCLA,2008,1,3
UCLA,2008,1,3
UCLA,2008,1,3
UCLA,2008,8,
UCLA,2008,7,
UCLA,2008,7,
UCLA,2008,1,1
UCLA,2008,1,3
UCLA,2008,1,3
UCLA,2008,2,
UCLA,2008,1,3
UCLA,2008,1,3
UCLA,2008,3,
UCLA,2008,4,
UCLA,2008,4,
UCLA,2007,9,
UCLA,2007,9,
UCLA,2007,1,3
UCLA,2007,1,3
UCLA,2007,1,3
UCLA,2007,1,2
UCLA,2007,1,3
UCLA,2007,1,3
UCLA,2007,2,
UCLA,2007,3,
UCLA,2007,3,
UCLA,2007,3,
UCLA,2007,3,
UCLA,2007,8,
UCLA,2007,8,
UCLA,2007,6,
UCLA,2007,3,
UCLA,2007,3,
UCLA,2007,6,
UCLA,2007,1,2
UCLA,2006,1,2
UCLA,2006,9,
UCLA,2006,9,
UCLA,2006,1,3
UCLA,2006,1,3
UCLA,2006,1,3
UCLA,2006,1,3
UCLA,2006,1,3
UCLA,2006,1,3
UCLA,2006,1,3
UCLA,2006,1,3
UCLA,2006,2,
UCLA,2006,1,3
UCLA,2006,6,
UCLA,2006,6,
UCLA,2006,3,
UCLA,2006,6,
UCLA,2006,8,
UCLA,2006,6,
UCLA,2006,3,
UCLA,2006,3,
UCLA,2006,3,
UCLA,2006,1,3
UCLA,2005,1,2
UCLA,2005,9,
UCLA,2005,1,3
UCLA,2005,1,3
UCLA,2005,1,3
UCLA,2005,1,3
UCLA,2005,1,3
UCLA,2005,1,3
UCLA,2005,1,3
UCLA,2005,1,3
UCLA,2005,8,
UCLA,2005,3,
UCLA,2005,5,
UCLA,2005,6,
UCLA,2005,3,
UCLA,2005,3,
UCLA,2005,3,
UCLA,2005,3,
UCLA,2005,3,
UCLA,2005,3,
UCLA,2005,8,
UCLA,2005,6,
UCLA,2004,9,
UCLA,2004,1,3
UCLA,2004,1,3
UCLA,2004,1,3
UCLA,2004,1,3
UCLA,2004,1,3
UCLA,2004,1,1
UCLA,2004,2,
UCLA,2004,2,
UCLA,2004,2,
UCLA,2004,3,
UCLA,2004,3,
UCLA,2004,3,
UCLA,2004,3,
UCLA,2004,3,
UCLA,2004,3,
UCLA,2004,4,
UCLA,2004,5,
UCLA,2004,3,
UCLA,2004,3,
UCLA,2003,1,2
UCLA,2003,9,
UCLA,2003,9,
UCLA,2003,9,
UCLA,2003,1,3
UCLA,2003,1,3
UCLA,2003,1,3
UCLA,2003,1,1
UCLA,2003,1,3
UCLA,2003,1,3
UCLA,2003,2,
UCLA,2003,4,
UCLA,2003,3,
UCLA,2003,3,
UCLA,2002,1,2
UCLA,2002,1,3
UCLA,2002,1,3
UCLA,2002,1,3
UCLA,2002,2,
UCLA,2002,5,
UCLA,2002,6,
UCLA,2002,3,
UCLA,2002,8,
UCLA,2002,8,
UCLA,2002,1,3
UCLA,2001,1,2
UCLA,2001,1,2
UCLA,2001,1,2
UCLA,2001,1,1
UCLA,2001,1,3
UCLA,2001,4,
UCLA,2001,6,
UCLA,2001,5,
UCLA,2001,6,
UCLA,2001,1,2
UCLA,2000,1,2
UCLA,2000,9,
UCLA,2000,5,
UCLA,2000,6,
UCLA,2000,6,
UCLA,2000,6,
UCLA,2000,6,
UCLA,2000,3,
UCLA,2000,5,
Cornell,2020,1,3
Cornell,2020,1,3
Cornell,2020,1,3
Cornell,2020,8,
Cornell,2020,3,
Cornell,2020,4,
Cornell,2020,10,
Cornell,2020,6,
Cornell,2020,3,
Cornell,2020,1,3
Cornell,2020,1,3
Cornell,2020,8,
Cornell,2020,8,
Cornell,2020,1,3
Cornell,2019,2,
Cornell,2019,2,
Cornell,2019,4,
Cornell,2019,2,
Cornell,2019,6,
Cornell,2019,6,
Cornell,2019,1,3
Cornell,2019,3,
Cornell,2019,2,
Cornell,2019,1,3
Cornell,2019,1,3
Cornell,2019,6,
Cornell,2019,1,3
Cornell,2019,8,
Cornell,2019,1,3
Cornell,2018,1,3
Cornell,2018,4,
Cornell,2018,6,
Cornell,2018,3,
Cornell,2018,1,3
Cornell,2018,4,
Cornell,2018,5,
Cornell,2018,3,
Cornell,2018,5,
Cornell,2018,6,
Cornell,2018,8,
Cornell,2018,8,
Cornell,2018,5,
Cornell,2018,1,3
Cornell,2017,1,3
Cornell,2017,1,2
Cornell,2017,1,3
Cornell,2017,1,3
Cornell,2017,1,3
Cornell,2017,1,3
Cornell,2017,2,
Cornell,2017,2,
Cornell,2017,3,
Cornell,2017,10,
Cornell,2017,10,
Cornell,2017,9,
Cornell,2017,6,
Cornell,2017,6,
Cornell,2017,5,
Cornell,2016,6,
Cornell,2016,6,
Cornell,2016,1,3
Cornell,2016,1,3
Cornell,2016,1,3
Cornell,2016,2,
Cornell,2016,3,
Cornell,2016,3,
Cornell,2016,3,
Cornell,2016,5,
Cornell,2016,9,
Cornell,2016,6,
Cornell,2016,6,
Cornell,2015,10,
Cornell,2015,1,3
Cornell,2015,1,3
Cornell,2015,2,
Cornell,2015,3,
Cornell,2015,5,
Cornell,2015,5,
Cornell,2015,8,
Cornell,2015,8,
Cornell,2015,9,
Cornell,2015,9,
Cornell,2014,6,
Cornell,2014,6,
Cornell,2014,1,3
Cornell,2014,1,3
Cornell,2014,1,3
Cornell,2014,1,3
Cornell,2014,1,1
Cornell,2014,2,
Cornell,2014,4,
Cornell,2014,5,
Cornell,2014,6,
Cornell,2014,9,
Cornell,2013,1,1
Cornell,2013,3,
Cornell,2013,5,
Cornell,2013,2,
Cornell,2013,10,
Cornell,2013,3,
Cornell,2013,6,
Cornell,2013,6,
Cornell,2013,1,3
Cornell,2013,1,3
Cornell,2013,1,3
Cornell,2013,1,3
Cornell,2013,10,
Cornell,2013,9,
Cornell,2013,6,
Cornell,2013,1,3
Cornell,2013,1,3
Cornell,2013,5,
Cornell,2013,1,3
Cornell,2013,10,
Cornell,2012,1,3
Cornell,2012,4,
Cornell,2012,1,3
Cornell,2012,2,
Cornell,2012,4,
Cornell,2012,6,
Cornell,2012,5,
Cornell,2012,9,
Cornell,2012,9,
Cornell,2012,6,
Cornell,2012,9,
Cornell,2012,1,3
Cornell,2012,1,3
Cornell,2012,5,
Cornell,2012,1,3
Cornell,2012,1,3
Cornell,2012,2,
Cornell,2012,1,3
Cornell,2012,3,
Cornell,2012,10,
Cornell,2012,1,3
Cornell,2011,1,3
Cornell,2011,1,3
Cornell,2011,9,
Cornell,2011,1,3
Cornell,2011,3,
Cornell,2011,1,3
Cornell,2011,1,3
Cornell,2011,6,
Cornell,2011,2,
Cornell,2011,1,3
Cornell,2011,1,3
Cornell,2011,2,
Cornell,2011,6,
Cornell,2011,8,
Cornell,2011,3,
Cornell,2011,5,
Cornell,2011,3,
Cornell,2011,4,
Cornell,2010,4,
Cornell,2010,7,
Cornell,2010,1,3
Cornell,2010,4,
Cornell,2010,1,3
Cornell,2010,9,
Cornell,2010,8,
Cornell,2010,1,3
Cornell,2010,1,3
Cornell,2010,1,3
Cornell,2010,1,3
Cornell,2010,1,3
Cornell,2009,5,
Cornell,2009,1,3
Cornell,2009,9,
Cornell,2009,6,
Cornell,2009,6,
Cornell,2009,8,
Cornell,2009,5,
Cornell,2009,9,
Cornell,2009,6,
Cornell,2009,6,
Cornell,2009,1,1
Cornell,2009,5,
Cornell,2009,6,
Cornell,2009,1,3
Cornell,2009,1,3
Cornell,2009,5,
Cornell,2009,4,
Cornell,2009,1,3
Cornell,2009,1,3
Cornell,2009,10,
Cornell,2009,8,
Cornell,2009,1,3
Cornell,2008,10,
Cornell,2008,1,3
Cornell,2008,3,
Cornell,2008,1,3
Cornell,2008,6,
Cornell,2008,2,
Cornell,2008,1,3
Cornell,2008,9,
Cornell,2008,1,1
Cornell,2008,8,
Cornell,2008,1,3
Cornell,2008,5,
Cornell,2008,3,
Cornell,2008,8,
Cornell,2008,5,
Cornell,2008,10,
Duke,2020,1,3
Duke,2020,6,
Duke,2020,1,1
Duke,2020,9,
Duke,2020,3,
Duke,2020,1,3
Duke,2020,1,3
Duke,2020,1,3
Duke,2020,2,
Duke,2020,1,2
Duke,2020,6,
Duke,2020,5,
Duke,2020,1,3
Duke,2020,6,
Duke,2020,5,
Duke,2020,10,
Duke,2019,6,
Duke,2019,5,
Duke,2019,1,3
Duke,2019,5,
Duke,2019,3,
Duke,2019,1,3
Duke,2019,1,3
Duke,2019,1,3
Duke,2019,1,3
Duke,2018,1,3
Duke,2018,1,3
Duke,2018,6,
Duke,2018,6,
Duke,2018,3,
Duke,2018,1,3
Duke,2018,1,1
Duke,2018,2,
Duke,2018,3,
Duke,2018,6,
Duke,2018,1,3
Duke,2018,4,
Duke,2018,1,2
Duke,2018,10,
Duke,2018,5,
Duke ,2017,1,3
Duke ,2017,1,3
Duke ,2017,1,3
Duke ,2017,1,3
Duke ,2017,1,3
Duke ,2017,1,3
Duke ,2017,10,
Duke ,2017,10,
Duke ,2017,6,
Duke ,2017,7,
Duke ,2017,3,
Duke ,2017,3,
Duke ,2017,5,
Duke ,2017,5,
Duke ,2017,6,
Duke ,2017,6,
Duke ,2016,10,
Duke ,2016,10,
Duke ,2016,1,3
Duke ,2016,1,3
Duke ,2016,1,3
Duke ,2016,1,3
Duke ,2016,8,
Duke ,2016,8,
Duke ,2016,8,
Duke ,2016,3,
Duke ,2016,3,
Duke ,2016,1,2
Duke ,2015,1,2
Duke ,2015,10,
Duke ,2015,8,
Duke ,2015,1,3
Duke ,2015,1,3
Duke ,2015,1,3
Duke ,2015,3,
Duke ,2015,4,
Duke ,2015,5,
Duke ,2015,9,
Duke ,2015,6,
Duke ,2014,1,3
Duke ,2014,1,3
Duke ,2014,1,3
Duke ,2014,1,3
Duke ,2014,1,3
Duke ,2014,1,3
Duke ,2014,1,3
Duke ,2014,1,3
Duke ,2014,2,
Duke ,2014,4,
Duke ,2014,6,
Duke ,2014,3,
Duke ,2014,3,
Duke ,2014,3,
Duke ,2014,1,2
Duke ,2014,6,
Duke ,2013,6,
Duke ,2013,1,3
Duke ,2013,7,
Duke ,2013,1,3
Duke ,2013,1,3
Duke ,2013,1,3
Duke ,2013,1,3
Duke ,2013,1,3
Duke ,2013,8,
Duke ,2013,4,
Duke ,2013,7,
Duke ,2013,8,
Duke ,2013,10,
Duke ,2013,3,
Duke ,2013,3,
Duke ,2013,1,3
Duke ,2012,6,
Duke ,2012,3,
Duke ,2012,1,3
Duke ,2012,1,1
Duke ,2012,7,
Duke ,2012,1,3
Duke ,2012,1,3
Duke ,2012,2,
Duke ,2012,2,
Duke ,2012,7,
Duke ,2012,8,
Duke ,2012,1,2
Duke ,2011,6,
Duke ,2011,1,2
Duke ,2011,3,
Duke ,2011,3,
Duke ,2011,8,
Duke ,2011,1,1
Duke ,2011,1,3
Duke ,2011,1,3
Duke ,2011,1,3
Duke ,2011,1,3
Duke ,2011,1,3
Duke ,2011,3,
Duke ,2011,3,
Duke ,2011,8,
Duke ,2011,8,
Duke ,2011,8,
Duke ,2011,8,
Duke ,2011,8,
Duke ,2011,9,
Duke ,2011,3,
Duke ,2010,3,
Duke ,2010,3,
Duke ,2010,3,
Duke ,2010,1,3
Duke ,2010,1,3
Duke ,2010,1,2
Duke ,2009,1,2
Duke ,2009,3,
Duke ,2009,1,3
Duke ,2009,1,3
Duke ,2009,1,3
Duke ,2009,1,3
Duke ,2009,1,1
Duke ,2009,2,
Duke ,2009,4,
Duke ,2008,1,1
Duke ,2008,1,3
Duke ,2008,1,1
Duke ,2008,1,3
Duke ,2008,1,3
Duke ,2008,1,3
Duke ,2008,1,3
Duke ,2008,1,3
Duke ,2008,1,3
Duke ,2008,2,
Duke ,2008,2,
Duke ,2008,4,
Duke ,2008,5,
Duke ,2008,5,
Duke ,2007,1,3
Duke ,2007,1,3
Duke ,2007,1,1
Duke ,2007,1,3
Duke ,2007,7,
Duke ,2007,1,3
Duke ,2007,1,3
Duke ,2007,5,
Duke ,2007,6,
Duke ,2007,8,
Duke ,2006,1,3
Duke ,2006,1,3
Duke ,2006,1,1
Duke ,2006,1,3
Duke ,2006,1,2
Duke ,2006,2,
Duke ,2006,5,
Duke ,2006,5,
Duke ,2006,6,
Duke ,2006,6,
Duke ,2006,9,
Duke ,2006,9,
Duke ,2005,1,3
Duke ,2005,1,3
Duke ,2005,1,1
Duke ,2005,1,3
Duke ,2005,1,3
Duke ,2005,1,3
Duke ,2005,1,3
Duke ,2005,1,3
Duke ,2005,4,
Duke ,2005,5,
Duke ,2005,5,
Duke ,2005,6,
Duke ,2005,6,
Duke ,2005,6,
Duke ,2005,6,
Duke ,2005,9,
Duke ,2005,9,
Duke ,2005,9,
Duke ,2005,10,
Duke ,2004,1,3
Duke ,2004,1,1
Duke ,2004,3,
Duke ,2004,5,
Duke ,2004,6,
Duke ,2004,9,
Duke ,2004,9,
Northwestern,2020,1,3
Northwestern,2020,8,
Northwestern,2020,1,3
Northwestern,2020,8,
Northwestern,2020,1,3
Northwestern,2020,8,
Northwestern,2020,8,
Northwestern,2020,1,3
Northwestern,2020,1,1
Northwestern,2020,1,3
Northwestern,2020,1,3
Northwestern,2020,1,2
Northwestern,2020,8,
Northwestern,2020,4,
Northwestern,2020,4,
Northwestern,2020,3,
Northwestern,2020,5,
Northwestern,2020,5,
Northwestern,2020,6,
Northwestern,2020,5,
Northwestern,2020,5,
Northwestern,2020,10,
Northwestern,2019,1,3
Northwestern,2019,1,3
Northwestern,2019,1,2
Northwestern,2019,9,
Northwestern,2019,2,
Northwestern,2019,1,3
Northwestern,2019,1,1
Northwestern,2019,1,3
Northwestern,2019,1,1
Northwestern,2019,1,3
Northwestern,2019,3,
Northwestern,2019,3,
Northwestern,2019,10,
Northwestern,2019,5,
Northwestern,2019,5,
Northwestern,2019,5,
Northwestern,2019,5,
Northwestern,2019,10,
Northwestern,2019,10,
Northwestern,2018,8,
Northwestern,2018,1,2
Northwestern,2018,1,3
Northwestern,2018,1,3
Northwestern,2018,1,1
Northwestern,2018,8,
Northwestern,2018,1,3
Northwestern,2018,1,2
Northwestern,2018,1,3
Northwestern,2018,1,2
Northwestern,2018,2,
Northwestern,2018,1,3
Northwestern,2018,1,3
Northwestern,2018,8,
Northwestern,2018,8,
Northwestern,2018,1,3
Northwestern,2018,3,
Northwestern,2018,3,
Northwestern,2018,5,
Northwestern,2018,5,
Northwestern,2018,5,
Northwestern,2018,5,
Northwestern,2018,5,
Northwestern ,2017,1,3
Northwestern ,2017,1,3
Northwestern ,2017,1,3
Northwestern ,2017,1,3
Northwestern ,2017,8,
Northwestern ,2017,8,
Northwestern ,2017,8,
Northwestern ,2017,1,3
Northwestern ,2017,9,
Northwestern ,2017,5,
Northwestern ,2017,6,
Northwestern ,2017,10,
Northwestern ,2016,1,3
Northwestern ,2016,1,3
Northwestern ,2016,1,3
Northwestern ,2016,1,3
Northwestern ,2016,2,
Northwestern ,2016,1,3
Northwestern ,2016,1,3
Northwestern ,2016,8,
Northwestern ,2016,1,3
Northwestern ,2016,1,3
Northwestern ,2016,1,3
Northwestern ,2016,1,3
Northwestern ,2016,5,
Northwestern ,2016,6,
Northwestern ,2016,5,
Northwestern ,2016,1,1
Northwestern ,2016,5,
Northwestern ,2016,5,
Northwestern ,2016,5,
Northwestern ,2016,6,
Northwestern ,2016,10,
Northwestern ,2015,6,
Northwestern ,2015,6,
Northwestern ,2015,5,
Northwestern ,2015,8,
Northwestern ,2015,4,
Northwestern ,2015,5,
Northwestern ,2015,6,
Northwestern ,2015,3,
Northwestern ,2015,3,
Northwestern ,2015,1,3
Northwestern ,2015,1,3
Northwestern ,2015,3,
Northwestern ,2015,1,3
Northwestern ,2015,1,2
Northwestern ,2015,1,3
Northwestern ,2015,1,3
Northwestern ,2015,1,3
Northwestern ,2014,5,
Northwestern ,2014,5,
Northwestern ,2014,1,3
Northwestern ,2014,5,
Northwestern ,2014,5,
Northwestern ,2014,3,
Northwestern ,2014,1,3
Northwestern ,2014,1,2
Northwestern ,2014,1,3
Northwestern ,2014,1,3
Northwestern ,2014,1,3
Northwestern ,2014,1,3
Northwestern ,2014,1,3
Northwestern ,2014,2,
Northwestern ,2014,1,1
Northwestern ,2013,1,3
Northwestern ,2013,5,
Northwestern ,2013,3,
Northwestern ,2013,1,3
Northwestern ,2013,5,
Northwestern ,2013,1,2
Northwestern ,2013,6,
Northwestern ,2013,3,
Northwestern ,2013,1,3
Northwestern ,2013,1,1
Northwestern ,2013,1,1
Northwestern ,2013,1,3
Northwestern ,2013,1,3
Northwestern ,2013,1,3
Northwestern ,2013,1,2
Northwestern ,2013,1,3
Northwestern ,2013,1,3
Northwestern ,2013,1,1
Northwestern ,2013,1,3
Northwestern ,2013,1,2
Northwestern ,2013,1,1
Northwestern ,2012,6,
Northwestern ,2012,3,
Northwestern ,2012,5,
Northwestern ,2012,1,3
Northwestern ,2012,1,3
Northwestern ,2012,2,
Northwestern ,2012,1,3
Northwestern ,2012,1,3
Northwestern ,2012,2,
Northwestern ,2012,1,3
Northwestern ,2012,1,3
Northwestern ,2012,1,3
Northwestern ,2012,1,3
Northwestern ,2012,1,3
Northwestern ,2012,2,
Northwestern ,2012,6,
Northwestern ,2012,1,2
Northwestern ,2012,6,
Northwestern ,2012,6,
Northwestern ,2012,5,
Northwestern ,2011,5,
Northwestern ,2011,3,
Northwestern ,2011,3,
Northwestern ,2011,1,1
Northwestern ,2011,1,3
Northwestern ,2011,1,3
Northwestern ,2011,1,3
Northwestern ,2011,1,3
Northwestern ,2011,1,3
Northwestern ,2011,1,3
Northwestern ,2011,1,3
Northwestern ,2011,1,3
Northwestern ,2011,1,3
Northwestern ,2011,3,
Northwestern ,2010,6,
Northwestern ,2010,1,1
Northwestern ,2010,6,
Northwestern ,2010,3,
Northwestern ,2010,1,3
Northwestern ,2010,1,3
Northwestern ,2010,1,2
Northwestern ,2010,1,3
Northwestern ,2010,2,
Northwestern ,2010,2,
Northwestern ,2010,1,3
Northwestern ,2010,1,3
Northwestern ,2010,6,
Northwestern ,2010,1,2
Northwestern ,2010,1,2
Northwestern ,2010,3,
Northwestern ,2009,1,2
Northwestern ,2009,1,2
Northwestern ,2009,3,
Northwestern ,2009,1,1
Northwestern ,2009,1,1
Northwestern ,2009,1,3
Northwestern ,2009,1,3
Northwestern ,2009,1,3
Northwestern ,2009,1,3
Northwestern ,2009,1,3
Northwestern ,2009,1,3
Northwestern ,2009,1,3
Northwestern ,2009,4,
Northwestern ,2009,6,
Northwestern ,2008,9,
Northwestern ,2008,9,
Northwestern ,2008,5,
Northwestern ,2008,1,2
Northwestern ,2008,3,
Northwestern ,2008,6,
Northwestern ,2008,1,1
Northwestern ,2008,1,2
Northwestern ,2008,6,
Northwestern ,2008,3,
Northwestern ,2008,6,
Northwestern ,2008,1,3
Northwestern ,2008,2,
Northwestern ,2008,1,3
Northwestern ,2008,1,3
Northwestern ,2008,1,1
Northwestern ,2008,1,1
Northwestern ,2008,3,
Northwestern ,2008,6,
Northwestern ,2008,6,
Northwestern ,2008,6,
Minnesota,2020,6,
Minnesota,2020,2,
Minnesota,2020,1,3
Minnesota,2020,1,2
Minnesota,2020,2,
Minnesota,2020,1,2
Minnesota,2020,4,
Minnesota,2020,1,3
Minnesota,2020,1,3
Minnesota,2020,3,
Minnesota,2020,10,
Minnesota,2020,1,3
Minnesota,2020,6,
Minnesota,2020,5,
Minnesota,2020,5,
Minnesota,2020,1,3
Minnesota,2020,1,1
Minnesota,2020,1,3
Minnesota,2020,1,3
Minnesota,2020,1,3
Minnesota,2020,1,3
Minnesota,2020,1,3
Minnesota,2019,3,
Minnesota,2019,5,
Minnesota,2019,9,
Minnesota,2019,1,1
Minnesota,2019,1,3
Minnesota,2019,3,
Minnesota,2019,1,3
Minnesota,2019,1,3
Minnesota,2019,9,
Minnesota,2019,1,3
Minnesota,2019,2,
Minnesota,2019,1,3
Minnesota,2019,1,3
Minnesota,2019,9,
Minnesota,2019,3,
Minnesota,2019,3,
Minnesota,2019,4,
Minnesota,2019,1,3
Minnesota,2018,1,3
Minnesota,2018,1,3
Minnesota,2018,1,3
Minnesota,2018,9,
Minnesota,2018,1,3
Minnesota,2018,5,
Minnesota,2018,3,
Minnesota,2018,3,
Minnesota,2018,1,3
Minnesota,2018,9,
Minnesota,2018,5,
Minnesota,2018,1,3
Minnesota,2018,6,
Minnesota,2018,3,
Minnesota,2018,1,3
Minnesota,2018,1,1
Minnesota,2018,1,3
Minnesota,2018,1,3
Minnesota,2018,1,3
Minnesota,2018,4,
Minnesota,2018,1,2
Minnesota,2018,6,
Minnesota,2018,1,3
Minnesota,2018,1,3
Minnesota,2017,1,3
Minnesota,2017,6,
Minnesota,2017,1,3
Minnesota,2017,9,
Minnesota,2017,1,3
Minnesota,2017,1,3
Minnesota,2017,3,
Minnesota,2017,1,3
Minnesota,2017,10,
Minnesota,2017,4,
Minnesota,2017,2,
Minnesota,2017,3,
Minnesota,2017,1,3
Minnesota,2017,5,
Minnesota,2017,1,3
Minnesota,2016,1,3
Minnesota,2016,1,3
Minnesota,2016,1,2
Minnesota,2016,1,2
Minnesota,2016,1,3
Minnesota,2016,1,3
Minnesota,2016,2,
Minnesota,2016,3,
Minnesota,2016,5,
Minnesota,2016,6,
Minnesota,2016,7,
Minnesota,2016,9,
Minnesota,2016,3,
Minnesota,2016,4,
Minnesota,2015,2,
Minnesota,2015,6,
Minnesota,2015,1,2
Minnesota,2015,1,3
Minnesota,2015,6,
Minnesota,2015,1,3
Minnesota,2015,9,
Minnesota,2015,4,
Minnesota,2015,1,3
Minnesota,2015,1,3
Minnesota,2015,9,
Minnesota,2015,1,3
Minnesota,2015,6,
Minnesota,2015,1,3
Minnesota,2015,1,3
Minnesota,2015,1,3
Minnesota,2015,1,3
Minnesota,2015,1,1
Minnesota,2014,1,3
Minnesota,2014,1,3
Minnesota,2014,3,
Minnesota,2014,1,3
Minnesota,2014,5,
Minnesota,2014,3,
Minnesota,2014,2,
Minnesota,2014,7,
Minnesota,2014,1,2
Minnesota,2014,7,
Minnesota,2014,1,1
Minnesota,2014,1,3
Minnesota,2014,10,
Minnesota,2014,4,
Minnesota,2014,1,3
Minnesota,2014,1,3
Minnesota,2014,8,
Minnesota,2014,6,
Minnesota,2013,1,2
Minnesota,2013,6,
Minnesota,2013,3,
Minnesota,2013,4,
Minnesota,2013,1,3
Minnesota,2013,1,3
Minnesota,2013,1,1
Minnesota,2013,3,
Minnesota,2013,6,
Minnesota,2013,2,
Minnesota,2013,1,3
Minnesota,2013,1,3
Minnesota,2013,1,3
Minnesota,2013,9,
Minnesota,2013,1,3
Minnesota,2013,3,
Minnesota,2013,9,
Minnesota,2013,3,
Minnesota,2013,1,3
UCLA,2021,3,
UCLA,2021,3,
UCLA,2021,3,
UCLA,2021,1,3
UCLA,2021,3,
UCLA,2021,5,
UCLA,2021,6,
UCLA,2021,5,
UCLA,2021,1,3
UCLA,2021,6,
UCLA,2021,9,
UCLA,2021,1,3
UCLA,2021,1,3
UCLA,2021,1,3
UCLA,2021,1,3
UCLA,2021,10,
UCLA,2021,1,3
Northwestern,2021,6,
Northwestern,2021,1,3
Northwestern,2021,1,1
Northwestern,2021,1,1
Northwestern,2021,1,1
Northwestern,2021,1,1
Northwestern,2021,1,3
Northwestern,2021,1,1
Northwestern,2021,1,3
Northwestern,2021,1,3
Northwestern,2021,1,2
Northwestern,2021,3,
Northwestern,2021,10,
Northwestern,2021,10,
Northwestern,2021,5,
Northwestern,2021,10,
Northwestern,2021,9,
Northwestern,2021,10,
Northwestern,2021,6,
Michigan,2021,9,
Michigan,2021,8,
Michigan,2021,4,
Michigan,2021,1,3
Michigan,2021,1,
Michigan,2021,4,
Michigan,2021,8,
Michigan,2021,2,
Michigan,2021,3,
Michigan,2021,10,
Michigan,2021,4,
UPenn,2021,1,3
UPenn,2021,1,3
UPenn,2021,8,
UPenn,2021,1,3
UPenn,2021,1,1
UPenn,2021,4,
UPenn,2021,1,3
UPenn,2021,4,
UPenn,2021,1,2
UPenn,2021,1,3
UPenn,2021,1,3
UPenn,2021,5,
UPenn,2021,1,3
UPenn,2021,1,3
UPenn,2021,4,
UPenn,2021,1,3
UPenn,2021,3,
UPenn,2021,1,3
Boston,2021,8,
Boston,2021,1,3
Boston,2021,8,
Boston,2021,1,3
Boston,2021,8,
Boston,2021,8,
Boston,2021,10,
Boston,2021,3,
Boston,2021,4,
Boston,2021,1,3
Boston,2021,3,
Boston,2021,9,
Boston,2021,1,3
Boston,2021,1,3
Boston,2021,1,3
Boston,2021,1,1
Boston,2021,10,
Boston,2021,5,
Boston,2021,1,3
Boston,2021,1,3
Boston,2021,10,
Boston,2021,9,
Columbia,2021,8,
Columbia,2021,8,
Columbia,2021,1,3
Columbia,2021,1,1
Columbia,2021,3,
Columbia,2021,1,3
Columbia,2021,4,
Columbia,2021,5,
Columbia,2021,10,
Columbia,2021,8,
Columbia,2021,8,
Columbia,2021,5,
Columbia,2021,1,3
Columbia,2021,1,3
Columbia,2021,8,
Minnesota,2021,8,
Minnesota,2021,3,
Minnesota,2021,4,
Minnesota,2021,1,3
Minnesota,2021,8,
Minnesota,2021,1,2
Minnesota,2021,8,
Minnesota,2021,10,
Minnesota,2021,4,
Minnesota,2021,5,
Minnesota,2021,1,3
Minnesota,2021,3,
Minnesota,2021,10,
Minnesota,2021,1,3
Minnesota,2021,1,3
Stanford,2021,1,1
Stanford,2021,1,3
Stanford,2021,10,
Stanford,2021,10,
Stanford,2021,1,3
Stanford,2021,1,3
Stanford,2021,1,3
Stanford,2021,3,
Stanford,2021,10,
Stanford,2021,1,2
Stanford,2021,6,
Stanford,2021,1,2
Stanford,2021,10,
Stanford,2021,5,
Stanford,2021,1,3
Stanford,2021,10,
Stanford,2021,5,
Stanford,2021,1,3
Stanford,2021,10,
Stanford,2021,1,3
Duke,2021,3,
Duke,2021,1,3
Duke,2021,6,
Duke,2021,10,
Duke,2021,10,
Duke,2021,3,
Duke,2021,9,
Duke,2021,8,
Duke,2021,1,3
Duke,2021,10,
Duke,2021,6,
Duke,2021,1,3
Duke,2021,3,
Duke,2021,4,
Duke,2021,1,3
Cornell,2021,1,3
Cornell,2021,1,3
Cornell,2021,8,
Cornell,2021,4,
Cornell,2021,3,
Cornell,2021,1,3
Cornell,2021,8,
Cornell,2021,1,3
Cornell,2021,1,3
Cornell,2021,1,3
NYU,2021,1,3
NYU,2021,10,
NYU,2021,10,
NYU,2021,10,
NYU,2021,10,
NYU,2021,10,
NYU,2021,3,
NYU,2021,3,
NYU,2021,10,
NYU,2021,1,3
NYU,2021,3,
NYU,2021,8,
NYU,2021,8,
NYU,2021,1,2
NYU,2021,1,3
NYU,2021,1,3
NYU,2021,10,
NYU,2021,3,
UChicago,2021,1,3
UChicago,2021,1,3
UChicago,2021,1,1
UChicago,2021,1,3
UChicago,2021,1,3
UChicago,2021,1,3
UChicago,2021,1,3
UChicago,2021,1,3
UChicago,2021,1,3
UChicago,2021,1,3
UChicago,2021,1,3
UChicago,2021,1,1
UChicago,2021,2,
UChicago,2021,3,
UChicago,2021,3,
UChicago,2021,3,
UChicago,2021,3,
UChicago,2021,3,
UChicago,2021,3,
UChicago,2021,3,
UChicago,2021,3,
UChicago,2021,3,
UChicago,2021,3,
UChicago,2021,10,
UChicago,2021,5,
UChicago,2021,5,
UChicago,2021,5,
UChicago,2021,5,
UChicago,2021,10,
UChicago,2021,6,
UChicago,2021,6,
Yale,2021,1,3
Yale,2021,6,
Yale,2021,10,
Yale,2021,10,
Yale,2021,3,
Yale,2021,6,
Yale,2021,1,2
Yale,2021,1,3
Yale,2021,1,3
Yale,2021,1,3
Yale,2021,5,
Yale,2021,10,
Yale,2021,10,
Yale,2021,3,
Yale,2021,5,
Yale,2021,1,3
Yale,2021,5,
Yale,2021,10,
Yale,2021,3,
Yale,2021,10,
Yale,2021,6,
Princeton,2021,6,
Princeton,2021,1,3
Princeton,2021,4,
Princeton,2021,1,3
Princeton,2021,1,3
Princeton,2021,1,3
Princeton,2021,10,
Princeton,2021,1,1
Princeton,2021,10,
Princeton,2021,10,
Princeton,2021,6,
Princeton,2021,3,
Princeton,2021,1,3
Princeton,2021,3,
Princeton,2021,1,2
Princeton,2021,4,
Princeton,2021,10,
Princeton,2021,10,
Princeton,2021,10,
Princeton,2021,10,
MIT,2021,1,2
MIT,2021,1,3
MIT,2021,4,
MIT,2021,1,3
MIT,2021,3,
MIT,2021,8,
MIT,2021,8,
MIT,2021,1,1
MIT,2021,1,3
MIT,2021,2,
MIT,2021,8,
MIT,2021,1,3
MIT,2021,8,
MIT,2021,8,
MIT,2021,8,
Harvard,2021,8,
Harvard,2021,10,
Harvard,2021,1,3
Harvard,2021,3,
Harvard,2021,5,
Harvard,2021,8,
Harvard,2021,3,
Harvard,2021,1,3
Harvard,2021,10,
Harvard,2021,2,
Harvard,2021,10,
Harvard,2021,1,3
Harvard,2021,1,1
Harvard,2021,1,2
Harvard,2021,1,2
Harvard,2021,1,2
Harvard,2021,1,1
Harvard,2021,10,
Harvard,2021,1,2
Harvard,2021,1,3
Harvard,2021,10,
Harvard,2021,5,
Harvard,2021,10,
Harvard,2021,10,
Harvard,2021,10,
Harvard,2021,10,
Brown,2021,10,
Brown,2021,1,3
Brown,2021,10,
Brown,2021,1,3
Brown,2021,10,
Brown,2021,8,
Brown,2021,3,
Brown,2021,3,
Brown,2021,1,3
Brown,2021,5,
Brown,2021,1,3
UCBerkeley,2021,2,
UCBerkeley,2021,8,
UCBerkeley,2021,1,3
UCBerkeley,2021,1,3
UCBerkeley,2021,8,
UCBerkeley,2021,1,1
UCBerkeley,2021,1,3
UCBerkeley,2021,1,3
UCBerkeley,2021,1,3
UCBerkeley,2021,1,1
UCBerkeley,2021,1,1
UCBerkeley,2021,1,3
UCBerkeley,2021,1,3
UCBerkeley,2021,2,
UCBerkeley,2021,1,1
UCBerkeley,2021,8,
UCBerkeley,2021,3,
UCBerkeley,2021,6,
UCBerkeley,2021,6,
UCBerkeley,2021,10,